Product Title,Brand,Type,Variant Name,Color HEX,Color RGB,Season 1 Name,Season 1 Percent,S1 Closest Color,Season 2 Name,Season 2 Percent,S2 Closest Color,Product URL
Matte Lip Cream,wardah,lip,Red-dicted	,#a92431,"(169, 36, 49)",'autumn warm',74.6971693318356,"(156.0, 35.0, '53')",'summer cool ',25.3028306681644,"(152.0, 42.0, '85')",https://www.wardahbeauty.com/id/product/make-up/matte-lip-cream?ref=https://www.wardahbeauty.com/id/product/list/make-up/sort/all?page=1
Matte Lip Cream,wardah,lip,Fuschionately,#d04483,"(208, 68, 131)",'winter deep',69.55019446307885,"(205.0, 52.0, '135')",'summer soft',30.449805536921147,"(177.0, 89.0, '123')",https://www.wardahbeauty.com/id/product/make-up/matte-lip-cream?ref=https://www.wardahbeauty.com/id/product/list/make-up/sort/all?page=1
Matte Lip Cream,wardah,lip,See You Latte,#c5807d,"(197, 128, 125)",'summer soft',79.8450076758238,"(197.0, 121.0, '125')",'autumn soft',20.154992324176202,"(224.0, 134.0, '127')",https://www.wardahbeauty.com/id/product/make-up/matte-lip-cream?ref=https://www.wardahbeauty.com/id/product/list/make-up/sort/all?page=1
Matte Lip Cream,wardah,lip,Pink Me,#d86d8c,"(216, 109, 140)",'summer soft',59.121401152682964,"(228.0, 106.0, '154')",'summer soft',40.87859884731705,"(197.0, 121.0, '125')",https://www.wardahbeauty.com/id/product/make-up/matte-lip-cream?ref=https://www.wardahbeauty.com/id/product/list/make-up/sort/all?page=1
Matte Lip Cream,wardah,lip,Speachless,#d87a71,"(216, 122, 113)",'autumn soft',52.81105502302121,"(224.0, 134.0, '127')",'summer soft',47.188944976978796,"(197.0, 121.0, '125')",https://www.wardahbeauty.com/id/product/make-up/matte-lip-cream?ref=https://www.wardahbeauty.com/id/product/list/make-up/sort/all?page=1
Matte Lip Cream,wardah,lip,Feeling Red,#d22e30,"(210, 46, 48)",'summer cool ',58.21146727088914,"(208.0, 49.0, '79')",'winter deep',41.78853272911086,"(198.0, 31.0, '87')",https://www.wardahbeauty.com/id/product/make-up/matte-lip-cream?ref=https://www.wardahbeauty.com/id/product/list/make-up/sort/all?page=1
Matte Lip Cream,wardah,lip,Hello Ruby,#9b3634,"(155, 54, 52)",'autumn warm',61.69922455266173,"(156.0, 35.0, '53')",'autumn warm',38.30077544733827,"(133.0, 67.0, '35')",https://www.wardahbeauty.com/id/product/make-up/matte-lip-cream?ref=https://www.wardahbeauty.com/id/product/list/make-up/sort/all?page=1
Matte Lip Cream,wardah,lip,Pinkcredible,#cf516c,"(207, 81, 108)",'autumn warm',50.59198999082311,"(218.0, 103.0, '85')",'summer soft',49.40801000917689,"(177.0, 89.0, '123')",https://www.wardahbeauty.com/id/product/make-up/matte-lip-cream?ref=https://www.wardahbeauty.com/id/product/list/make-up/sort/all?page=1
Matte Lip Cream,wardah,lip,Mauve On,#ba686f,"(186, 104, 111)",'summer soft',51.14057199249431,"(177.0, 89.0, '123')",'summer light',48.8594280075057,"(164.0, 104.0, '114')",https://www.wardahbeauty.com/id/product/make-up/matte-lip-cream?ref=https://www.wardahbeauty.com/id/product/list/make-up/sort/all?page=1
Matte Lip Cream,wardah,lip,Berry Pretty,#de929f,"(222, 146, 159)",'autumn soft',52.55454342567908,"(224.0, 134.0, '127')",'spring clear',47.44545657432092,"(253.0, 167.0, '165')",https://www.wardahbeauty.com/id/product/make-up/matte-lip-cream?ref=https://www.wardahbeauty.com/id/product/list/make-up/sort/all?page=1
Matte Lip Cream,wardah,lip,Oh So Nude,#c58c87,"(197, 140, 135)",'summer soft',57.28310100925951,"(197.0, 121.0, '125')",'autumn soft',42.71689899074049,"(224.0, 134.0, '127')",https://www.wardahbeauty.com/id/product/make-up/matte-lip-cream?ref=https://www.wardahbeauty.com/id/product/list/make-up/sort/all?page=1
Matte Lip Cream,wardah,lip,Plum It Up,#bc6a71,"(188, 106, 113)",'summer soft',51.564028866434406,"(197.0, 121.0, '125')",'summer soft',48.4359711335656,"(177.0, 89.0, '123')",https://www.wardahbeauty.com/id/product/make-up/matte-lip-cream?ref=https://www.wardahbeauty.com/id/product/list/make-up/sort/all?page=1
Matte Lip Cream,wardah,lip,Fruit Punch,#d1777f,"(209, 119, 127)",'summer soft',63.24364543206698,"(197.0, 121.0, '125')",'autumn soft',36.756354567933016,"(224.0, 134.0, '127')",https://www.wardahbeauty.com/id/product/make-up/matte-lip-cream?ref=https://www.wardahbeauty.com/id/product/list/make-up/sort/all?page=1
Matte Lip Cream,wardah,lip,My Honey Bee,#c77f7d,"(199, 127, 125)",'summer soft',80.45744344797629,"(197.0, 121.0, '125')",'autumn soft',19.542556552023694,"(224.0, 134.0, '127')",https://www.wardahbeauty.com/id/product/make-up/matte-lip-cream?ref=https://www.wardahbeauty.com/id/product/list/make-up/sort/all?page=1
Matte Lip Cream,wardah,lip,Pinky Plumise,#c57879,"(197, 120, 121)",'summer soft',88.26098788197591,"(197.0, 121.0, '125')",'autumn soft',11.739012118024094,"(224.0, 134.0, '127')",https://www.wardahbeauty.com/id/product/make-up/matte-lip-cream?ref=https://www.wardahbeauty.com/id/product/list/make-up/sort/all?page=1
Matte Lip Cream,wardah,lip,Heartbeet,#c5516d,"(197, 81, 109)",'summer soft',60.12853218466188,"(177.0, 89.0, '123')",'autumn warm',39.871467815338136,"(218.0, 103.0, '85')",https://www.wardahbeauty.com/id/product/make-up/matte-lip-cream?ref=https://www.wardahbeauty.com/id/product/list/make-up/sort/all?page=1
Matte Lip Cream,wardah,lip,Rosy Cheek,#c57175,"(197, 113, 117)",'summer soft',73.76571265447242,"(197.0, 121.0, '125')",'summer soft',26.234287345527584,"(177.0, 89.0, '123')",https://www.wardahbeauty.com/id/product/make-up/matte-lip-cream?ref=https://www.wardahbeauty.com/id/product/list/make-up/sort/all?page=1
Matte Lip Cream,wardah,lip,Saturdate Night,#c87981,"(200, 121, 129)",'summer soft',84.5525798571768,"(197.0, 121.0, '125')",'autumn soft',15.447420142823221,"(224.0, 134.0, '127')",https://www.wardahbeauty.com/id/product/make-up/matte-lip-cream?ref=https://www.wardahbeauty.com/id/product/list/make-up/sort/all?page=1
Matte Lip Cream,wardah,lip,Have a Blush!,#cd7c76,"(205, 124, 118)",'summer soft',67.82241119090773,"(197.0, 121.0, '125')",'autumn soft',32.17758880909227,"(224.0, 134.0, '127')",https://www.wardahbeauty.com/id/product/make-up/matte-lip-cream?ref=https://www.wardahbeauty.com/id/product/list/make-up/sort/all?page=1
Matte Lip Cream,wardah,lip,Peach of Mind,#c96866,"(201, 104, 102)",'autumn warm',54.54902242952154,"(218.0, 103.0, '85')",'summer soft',45.45097757047847,"(197.0, 121.0, '125')",https://www.wardahbeauty.com/id/product/make-up/matte-lip-cream?ref=https://www.wardahbeauty.com/id/product/list/make-up/sort/all?page=1
Matte Lip Cream,wardah,lip,Creampuccino,#b86d5d,"(184, 109, 93)",'summer light',54.63419197335487,"(164.0, 104.0, '114')",'autumn warm',45.36580802664514,"(218.0, 103.0, '85')",https://www.wardahbeauty.com/id/product/make-up/matte-lip-cream?ref=https://www.wardahbeauty.com/id/product/list/make-up/sort/all?page=1
Matte Lip Cream,wardah,lip,Rouge Velvet,#a93b3c,"(169, 59, 60)",'autumn warm',50.837118333479815,"(156.0, 35.0, '53')",'autumn soft',49.162881666520185,"(167.0, 85.0, '47')",https://www.wardahbeauty.com/id/product/make-up/matte-lip-cream?ref=https://www.wardahbeauty.com/id/product/list/make-up/sort/all?page=1
Matte Lip Cream,wardah,lip,Rose and Shine,#ba5251,"(186, 82, 81)",'autumn warm',50.374147986039894,"(218.0, 103.0, '85')",'autumn soft',49.625852013960106,"(167.0, 85.0, '47')",https://www.wardahbeauty.com/id/product/make-up/matte-lip-cream?ref=https://www.wardahbeauty.com/id/product/list/make-up/sort/all?page=1
Matte Lip Cream,wardah,lip,Cherry Go Round,#c04b4e,"(192, 75, 78)",'summer cool ',55.98118827684255,"(208.0, 49.0, '79')",'autumn warm',44.01881172315745,"(218.0, 103.0, '85')",https://www.wardahbeauty.com/id/product/make-up/matte-lip-cream?ref=https://www.wardahbeauty.com/id/product/list/make-up/sort/all?page=1
Wardah Glasting liquid lip,wardah,lip,01 Caramel Coat,#d5806c,"(213, 128, 108)",'autumn soft',51.710633059129385,"(224.0, 134.0, '127')",'summer soft',48.28936694087063,"(197.0, 121.0, '125')",https://www.wardahbeauty.com/id/product/make-up/wardah-glasting-liquid-lip?ref=https://www.wardahbeauty.com/id/product/list/make-up/sort/all?page=1
Wardah Glasting liquid lip,wardah,lip,02 Peach Polish,#d2797a,"(210, 121, 122)",'summer soft',59.68077632412692,"(197.0, 121.0, '125')",'autumn soft',40.3192236758731,"(224.0, 134.0, '127')",https://www.wardahbeauty.com/id/product/make-up/wardah-glasting-liquid-lip?ref=https://www.wardahbeauty.com/id/product/list/make-up/sort/all?page=1
Wardah Glasting liquid lip,wardah,lip,03 Dazzle Maple,#bb5342,"(187, 83, 66)",'autumn soft',60.00522750545287,"(167.0, 85.0, '47')",'autumn warm',39.994772494547135,"(218.0, 103.0, '85')",https://www.wardahbeauty.com/id/product/make-up/wardah-glasting-liquid-lip?ref=https://www.wardahbeauty.com/id/product/list/make-up/sort/all?page=1
Wardah Glasting liquid lip,wardah,lip,04 Rosewood Radiance,#ba565d,"(186, 86, 93)",'summer soft',52.90165555014428,"(177.0, 89.0, '123')",'summer light',47.09834444985571,"(164.0, 104.0, '114')",https://www.wardahbeauty.com/id/product/make-up/wardah-glasting-liquid-lip?ref=https://www.wardahbeauty.com/id/product/list/make-up/sort/all?page=1
Wardah Glasting liquid lip,wardah,lip,05 Glazing Berry,#a74d65,"(167, 77, 101)",'summer soft',52.74525393905192,"(177.0, 89.0, '123')",'summer light',47.25474606094808,"(164.0, 104.0, '114')",https://www.wardahbeauty.com/id/product/make-up/wardah-glasting-liquid-lip?ref=https://www.wardahbeauty.com/id/product/list/make-up/sort/all?page=1
Wardah Glasting liquid lip,wardah,lip,06 Ruby Sparks,#850507,"(133, 5, 7)",'autumn deep',50.70717551697796,"(95.0, 46.0, '22')",'autumn warm',49.29282448302204,"(156.0, 35.0, '53')",https://www.wardahbeauty.com/id/product/make-up/wardah-glasting-liquid-lip?ref=https://www.wardahbeauty.com/id/product/list/make-up/sort/all?page=1
Refill Colorfit Perfect Glow Cushion SPF 33 PA++,wardah,face,11C Pink Fair,#F3C4BF,"(243, 196, 191)",'autumn soft',54.155872388482415,"(222.0, 193.0, '182')",'spring light',45.844127611517585,"(253.0, 171.0, '187')",https://www.wardahbeauty.com/id/product/make-up/refill-colorfit-perfect-glow-cushion-spf-33-pa?ref=https://www.wardahbeauty.com/id/product/list/make-up/sort/all?page=2
Refill Colorfit Perfect Glow Cushion SPF 33 PA++,wardah,face,22N Light Ivory,#F0BF9B,"(240, 191, 155)",'spring light',55.78121100146844,"(255.0, 176.0, '146')",'spring clear',44.218788998531544,"(253.0, 167.0, '165')",https://www.wardahbeauty.com/id/product/make-up/refill-colorfit-perfect-glow-cushion-spf-33-pa?ref=https://www.wardahbeauty.com/id/product/list/make-up/sort/all?page=2
Refill Colorfit Perfect Glow Cushion SPF 33 PA++,wardah,face,23W Warm Ivory,#ECBA93,"(236, 186, 147)",'spring light',59.21651388312546,"(255.0, 176.0, '146')",'spring clear',40.783486116874535,"(253.0, 167.0, '165')",https://www.wardahbeauty.com/id/product/make-up/refill-colorfit-perfect-glow-cushion-spf-33-pa?ref=https://www.wardahbeauty.com/id/product/list/make-up/sort/all?page=2
Refill Colorfit Perfect Glow Cushion SPF 33 PA++,wardah,face,32N Neutral Beige,#D5A286,"(213, 162, 134)",'autumn warm',58.861408339331774,"(217.0, 159.0, '113')",'autumn soft',41.13859166066821,"(224.0, 134.0, '127')",https://www.wardahbeauty.com/id/product/make-up/refill-colorfit-perfect-glow-cushion-spf-33-pa?ref=https://www.wardahbeauty.com/id/product/list/make-up/sort/all?page=2
Colorfit Last All Day Lip Paint Around the World,wardah,lip,Alluring Jakarta,#f1d1ae,"(241, 209, 174)",'autumn soft',57.861406795057604,"(222.0, 193.0, '182')",'spring light',42.138593204942396,"(255.0, 241.0, '166')",https://www.wardahbeauty.com/id/product/make-up/colorfit-last-all-day-lip-paint-around-the-world?ref=https://www.wardahbeauty.com/id/product/list/make-up/sort/all?page=2
Colorfit Last All Day Lip Paint Around the World,wardah,lip,Dubai Lux,#bb8976,"(187, 137, 118)",'summer soft',65.09855732681686,"(197.0, 121.0, '125')",'autumn warm',34.90144267318313,"(217.0, 159.0, '113')",https://www.wardahbeauty.com/id/product/make-up/colorfit-last-all-day-lip-paint-around-the-world?ref=https://www.wardahbeauty.com/id/product/list/make-up/sort/all?page=2
Colorfit Last All Day Lip Paint Around the World,wardah,lip,Royal London,#d18b8e,"(209, 139, 142)",'autumn soft',55.79938697048563,"(224.0, 134.0, '127')",'summer soft',44.20061302951437,"(197.0, 121.0, '125')",https://www.wardahbeauty.com/id/product/make-up/colorfit-last-all-day-lip-paint-around-the-world?ref=https://www.wardahbeauty.com/id/product/list/make-up/sort/all?page=2
Colorfit Last All Day Lip Paint Around the World,wardah,lip,Dazzling New York,#a1605a,"(161, 96, 90)",'summer light',59.44156456363127,"(164.0, 104.0, '114')",'summer soft',40.55843543636873,"(177.0, 89.0, '123')",https://www.wardahbeauty.com/id/product/make-up/colorfit-last-all-day-lip-paint-around-the-world?ref=https://www.wardahbeauty.com/id/product/list/make-up/sort/all?page=2
Colorfit Last All Day Lip Paint Around the World,wardah,lip,Kuala Lumpur Joy,#b2533e,"(178, 83, 62)",'autumn soft',72.13270489282532,"(167.0, 85.0, '47')",'summer cool ',27.867295107174684,"(208.0, 49.0, '79')",https://www.wardahbeauty.com/id/product/make-up/colorfit-last-all-day-lip-paint-around-the-world?ref=https://www.wardahbeauty.com/id/product/list/make-up/sort/all?page=2
Colorfit Last All Day Lip Paint Around the World,wardah,lip,Tokyo Breeze,#7f322f,"(127, 50, 47)",'autumn warm',60.519042741606896,"(133.0, 67.0, '35')",'autumn warm',39.48095725839311,"(156.0, 35.0, '53')",https://www.wardahbeauty.com/id/product/make-up/colorfit-last-all-day-lip-paint-around-the-world?ref=https://www.wardahbeauty.com/id/product/list/make-up/sort/all?page=2
Colorfit Perfect Glow Cushion,wardah,face,11C Pink Fair,#F3C4BF,"(243, 196, 191)",'autumn soft',54.155872388482415,"(222.0, 193.0, '182')",'spring light',45.844127611517585,"(253.0, 171.0, '187')",https://www.wardahbeauty.com/id/product/make-up/colorfit-perfect-glow-cushion?ref=https://www.wardahbeauty.com/id/product/list/make-up/sort/all?page=2
Colorfit Perfect Glow Cushion,wardah,face,23W Warm Ivory,#ECBA93,"(236, 186, 147)",'spring light',59.21651388312546,"(255.0, 176.0, '146')",'spring clear',40.783486116874535,"(253.0, 167.0, '165')",https://www.wardahbeauty.com/id/product/make-up/colorfit-perfect-glow-cushion?ref=https://www.wardahbeauty.com/id/product/list/make-up/sort/all?page=2
Colorfit Perfect Glow Cushion,wardah,face,32N Neutral Beige,#D5A286,"(213, 162, 134)",'autumn warm',58.861408339331774,"(217.0, 159.0, '113')",'autumn soft',41.13859166066821,"(224.0, 134.0, '127')",https://www.wardahbeauty.com/id/product/make-up/colorfit-perfect-glow-cushion?ref=https://www.wardahbeauty.com/id/product/list/make-up/sort/all?page=2
Colorfit Perfect Glow Cushion,wardah,face,33W Olive Beige,#DFA880,"(223, 168, 128)",'autumn warm',64.78996174881009,"(217.0, 159.0, '113')",'autumn soft',35.21003825118992,"(224.0, 134.0, '127')",https://www.wardahbeauty.com/id/product/make-up/colorfit-perfect-glow-cushion?ref=https://www.wardahbeauty.com/id/product/list/make-up/sort/all?page=2
Colorfit Perfect Glow Cushion,wardah,face,42N Neutral Sand,#D8A380,"(216, 163, 128)",'autumn warm',65.92717976153,"(217.0, 159.0, '113')",'autumn soft',34.07282023847,"(224.0, 134.0, '127')",https://www.wardahbeauty.com/id/product/make-up/colorfit-perfect-glow-cushion?ref=https://www.wardahbeauty.com/id/product/list/make-up/sort/all?page=2
Colorfit Perfect Glow Cushion,wardah,face,43W Golden Sand,#DD9767,"(221, 151, 103)",'autumn warm',68.7844592010199,"(217.0, 159.0, '113')",'autumn soft',31.21554079898009,"(224.0, 134.0, '127')",https://www.wardahbeauty.com/id/product/make-up/colorfit-perfect-glow-cushion?ref=https://www.wardahbeauty.com/id/product/list/make-up/sort/all?page=2
Colorfit Perfect Glow Cushion,wardah,face,52N Almond,#A6631B,"(166, 99, 27)",'autumn soft',56.61960374582229,"(167.0, 85.0, '47')",'spring warm',43.380396254177725,"(144.0, 76.0, '25')",https://www.wardahbeauty.com/id/product/make-up/colorfit-perfect-glow-cushion?ref=https://www.wardahbeauty.com/id/product/list/make-up/sort/all?page=2
Colorfit Perfect Glow Cushion,wardah,face,22N Light Ivory,#F0BF9B,"(240, 191, 155)",'spring light',55.78121100146844,"(255.0, 176.0, '146')",'spring clear',44.218788998531544,"(253.0, 167.0, '165')",https://www.wardahbeauty.com/id/product/make-up/colorfit-perfect-glow-cushion?ref=https://www.wardahbeauty.com/id/product/list/make-up/sort/all?page=2
Everyday! Matte Lip Shot,wardah,lip,#fyp,#9D2235,"(157, 34, 53)",'autumn warm',95.93334793444268,"(156.0, 35.0, '53')",'summer cool ',4.066652065557308,"(152.0, 42.0, '85')",https://www.wardahbeauty.com/id/product/make-up/everyday-matte-lip-shot?ref=https://www.wardahbeauty.com/id/product/list/make-up/sort/all?page=2
Everyday! Matte Lip Shot,wardah,lip,#throwback,#D25B73,"(210, 91, 115)",'autumn warm',50.540902146496556,"(218.0, 103.0, '85')",'summer soft',49.45909785350343,"(177.0, 89.0, '123')",https://www.wardahbeauty.com/id/product/make-up/everyday-matte-lip-shot?ref=https://www.wardahbeauty.com/id/product/list/make-up/sort/all?page=2
Everyday! Matte Lip Shot,wardah,lip,#nowplaying,#D6938A,"(214, 147, 138)",'autumn soft',58.54749260600776,"(224.0, 134.0, '127')",'autumn warm',41.45250739399224,"(217.0, 159.0, '113')",https://www.wardahbeauty.com/id/product/make-up/everyday-matte-lip-shot?ref=https://www.wardahbeauty.com/id/product/list/make-up/sort/all?page=2
Everyday! Matte Lip Shot,wardah,lip,#ootd,#C26E60,"(194, 110, 96)",'autumn warm',53.29024922240975,"(218.0, 103.0, '85')",'summer soft',46.70975077759025,"(197.0, 121.0, '125')",https://www.wardahbeauty.com/id/product/make-up/everyday-matte-lip-shot?ref=https://www.wardahbeauty.com/id/product/list/make-up/sort/all?page=2
Everyday! Matte Lip Shot,wardah,lip,#mood,#A45248,"(164, 82, 72)",'autumn soft',63.30076774990573,"(167.0, 85.0, '47')",'summer cool ',36.69923225009427,"(152.0, 42.0, '85')",https://www.wardahbeauty.com/id/product/make-up/everyday-matte-lip-shot?ref=https://www.wardahbeauty.com/id/product/list/make-up/sort/all?page=2
Lightening Liquid Foundation 6ml,wardah,foundation & cussion,Light Beige	,#e6dfd9,"(230, 223, 217)",'spring light',52.17405144758507,"(239.0, 239.0, '234')",'summer light',47.82594855241493,"(206.0, 218.0, '229')",https://www.wardahbeauty.com/id/product/make-up/lightening-liquid-foundation-6ml?ref=https://www.wardahbeauty.com/id/product/list/make-up/sort/all?page=2
Lightening Liquid Foundation 6ml,wardah,foundation & cussion,Beige,#f7e5cc,"(247, 229, 204)",'summer soft',53.65232322678845,"(255.0, 246.0, '183')",'spring light',46.34767677321155,"(239.0, 239.0, '234')",https://www.wardahbeauty.com/id/product/make-up/lightening-liquid-foundation-6ml?ref=https://www.wardahbeauty.com/id/product/list/make-up/sort/all?page=2
Lightening Liquid Foundation 6ml,wardah,foundation & cussion,Ivory,#eed2ad,"(238, 210, 173)",'autumn soft',59.025020906992864,"(222.0, 193.0, '182')",'spring light',40.974979093007136,"(255.0, 241.0, '166')",https://www.wardahbeauty.com/id/product/make-up/lightening-liquid-foundation-6ml?ref=https://www.wardahbeauty.com/id/product/list/make-up/sort/all?page=2
Lightening Liquid Foundation 6ml,wardah,foundation & cussion,Natural,#e89d69,"(232, 157, 105)",'autumn warm',62.3857887373785,"(217.0, 159.0, '113')",'spring warm',37.61421126262151,"(255.0, 143.0, '114')",https://www.wardahbeauty.com/id/product/make-up/lightening-liquid-foundation-6ml?ref=https://www.wardahbeauty.com/id/product/list/make-up/sort/all?page=2
Colorfit Cream Blush,wardah,cheek,Sand Coral,#DD7975,"(221, 121, 117)",'autumn soft',60.27468440694748,"(224.0, 134.0, '127')",'summer soft',39.725315593052535,"(197.0, 121.0, '125')",https://www.wardahbeauty.com/id/product/make-up/colorfit-cream-blush?ref=https://www.wardahbeauty.com/id/product/list/make-up/sort/all?page=3
Colorfit Cream Blush,wardah,cheek,Merry Mauve,#CF6F77,"(207, 111, 119)",'summer soft',65.9076190974599,"(197.0, 121.0, '125')",'autumn soft',34.09238090254011,"(224.0, 134.0, '127')",https://www.wardahbeauty.com/id/product/make-up/colorfit-cream-blush?ref=https://www.wardahbeauty.com/id/product/list/make-up/sort/all?page=3
Colorfit Cream Blush,wardah,cheek,Summer Peach,#F18070,"(241, 128, 112)",'spring warm',53.218407883725675,"(255.0, 143.0, '114')",'autumn soft',46.78159211627432,"(224.0, 134.0, '127')",https://www.wardahbeauty.com/id/product/make-up/colorfit-cream-blush?ref=https://www.wardahbeauty.com/id/product/list/make-up/sort/all?page=3
Colorfit Fresh Lip Ink Serum,wardah,lip,Energy Shot,#BC8A7E,"(188, 138, 126)",'summer soft',65.29278400578384,"(197.0, 121.0, '125')",'autumn soft',34.707215994216156,"(224.0, 134.0, '127')",https://www.wardahbeauty.com/id/product/make-up/colorfit-fresh-lip-ink-serum?ref=https://www.wardahbeauty.com/id/product/list/make-up/sort/all?page=3
Colorfit Fresh Lip Ink Serum,wardah,lip,Smart Cookie,#B66C6D,"(182, 108, 109)",'summer light',55.80585670475745,"(164.0, 104.0, '114')",'summer soft',44.19414329524255,"(177.0, 89.0, '123')",https://www.wardahbeauty.com/id/product/make-up/colorfit-fresh-lip-ink-serum?ref=https://www.wardahbeauty.com/id/product/list/make-up/sort/all?page=3
Colorfit Fresh Lip Ink Serum,wardah,lip,High Rise,#B04A5A,"(176, 74, 90)",'summer soft',52.60500766543708,"(177.0, 89.0, '123')",'summer light',47.39499233456292,"(164.0, 104.0, '114')",https://www.wardahbeauty.com/id/product/make-up/colorfit-fresh-lip-ink-serum?ref=https://www.wardahbeauty.com/id/product/list/make-up/sort/all?page=3
Colorfit Fresh Lip Ink Serum,wardah,lip,Speedster,#B65A65,"(182, 90, 101)",'summer soft',53.75330801053316,"(177.0, 89.0, '123')",'summer light',46.24669198946684,"(164.0, 104.0, '114')",https://www.wardahbeauty.com/id/product/make-up/colorfit-fresh-lip-ink-serum?ref=https://www.wardahbeauty.com/id/product/list/make-up/sort/all?page=3
Colorfit Fresh Lip Ink Serum,wardah,lip,Soul Mover,#A45248,"(164, 82, 72)",'autumn soft',63.30076774990573,"(167.0, 85.0, '47')",'summer cool ',36.69923225009427,"(152.0, 42.0, '85')",https://www.wardahbeauty.com/id/product/make-up/colorfit-fresh-lip-ink-serum?ref=https://www.wardahbeauty.com/id/product/list/make-up/sort/all?page=3
Colorfit Fresh Lip Ink Serum,wardah,lip,Hyped Up,#B33D26,"(179, 61, 38)",'autumn soft',57.19433467475756,"(167.0, 85.0, '47')",'autumn warm',42.80566532524244,"(156.0, 35.0, '53')",https://www.wardahbeauty.com/id/product/make-up/colorfit-fresh-lip-ink-serum?ref=https://www.wardahbeauty.com/id/product/list/make-up/sort/all?page=3
Colorfit Fresh Lip Ink Serum,wardah,lip,Busy Bee,#823B34,"(130, 59, 52)",'autumn warm',64.6803020310982,"(133.0, 67.0, '35')",'spring warm',35.31969796890182,"(144.0, 76.0, '25')",https://www.wardahbeauty.com/id/product/make-up/colorfit-fresh-lip-ink-serum?ref=https://www.wardahbeauty.com/id/product/list/make-up/sort/all?page=3
Colorfit Fresh Lip Ink Serum,wardah,lip,Go Getter,#9D2235,"(157, 34, 53)",'autumn warm',95.93334793444268,"(156.0, 35.0, '53')",'summer cool ',4.066652065557308,"(152.0, 42.0, '85')",https://www.wardahbeauty.com/id/product/make-up/colorfit-fresh-lip-ink-serum?ref=https://www.wardahbeauty.com/id/product/list/make-up/sort/all?page=3
Refill Lightening Powder Foundation Extra Cover,wardah,foundation & cussion,Light Beige	,#f8ddc0,"(248, 221, 192)",'summer soft',54.96880282207079,"(255.0, 246.0, '183')",'spring light',45.03119717792921,"(255.0, 241.0, '166')",https://www.wardahbeauty.com/id/product/make-up/wardah-refill-lightening-powder-foundation-extra-cover?ref=https://www.wardahbeauty.com/id/product/list/make-up/sort/all?page=3
Refill Lightening Powder Foundation Extra Cover,wardah,foundation & cussion,Golden Beige,#fcd7c8,"(252, 215, 200)",'spring clear',54.06262323637574,"(255.0, 191.0, '218')",'summer soft',45.93737676362426,"(255.0, 246.0, '183')",https://www.wardahbeauty.com/id/product/make-up/wardah-refill-lightening-powder-foundation-extra-cover?ref=https://www.wardahbeauty.com/id/product/list/make-up/sort/all?page=3
Refill Lightening Powder Foundation Extra Cover,wardah,foundation & cussion,Sheer Pink,#f8e3e4,"(248, 227, 228)",'spring light',50.92282346979942,"(239.0, 239.0, '234')",'winter cool',49.07717653020058,"(255.0, 233.0, '242')",https://www.wardahbeauty.com/id/product/make-up/wardah-refill-lightening-powder-foundation-extra-cover?ref=https://www.wardahbeauty.com/id/product/list/make-up/sort/all?page=3
Refill Lightening Powder Foundation Extra Cover,wardah,foundation & cussion,Natural,#f3d4c1,"(243, 212, 193)",'autumn soft',53.379171096223146,"(222.0, 193.0, '182')",'spring clear',46.620828903776854,"(255.0, 191.0, '218')",https://www.wardahbeauty.com/id/product/make-up/wardah-refill-lightening-powder-foundation-extra-cover?ref=https://www.wardahbeauty.com/id/product/list/make-up/sort/all?page=3
Refill BB Cake Powder,wardah,powder,Light,#f9e4d3,"(249, 228, 211)",'spring light',53.86034660866488,"(239.0, 239.0, '234')",'winter cool',46.13965339133512,"(255.0, 233.0, '242')",https://www.wardahbeauty.com/id/product/make-up/wardah-refill-bb-cake-powder?ref=https://www.wardahbeauty.com/id/product/list/make-up/sort/all?page=3
Refill BB Cake Powder,wardah,powder,Sheer Pink,#f7d9c9,"(247, 217, 201)",'spring clear',52.21870918551807,"(255.0, 191.0, '218')",'summer soft',47.781290814481935,"(255.0, 246.0, '183')",https://www.wardahbeauty.com/id/product/make-up/wardah-refill-bb-cake-powder?ref=https://www.wardahbeauty.com/id/product/list/make-up/sort/all?page=3
Refill BB Cake Powder,wardah,powder,Natural,#fad4bc,"(250, 212, 188)",'autumn soft',50.261842119951375,"(222.0, 193.0, '182')",'summer soft',49.73815788004862,"(255.0, 246.0, '183')",https://www.wardahbeauty.com/id/product/make-up/wardah-refill-bb-cake-powder?ref=https://www.wardahbeauty.com/id/product/list/make-up/sort/all?page=3
Refill Lightening Powder Foundation,wardah,foundation & cussion,Light Feel,#f8ddc0,"(248, 221, 192)",'summer soft',54.96880282207079,"(255.0, 246.0, '183')",'spring light',45.03119717792921,"(255.0, 241.0, '166')",https://www.wardahbeauty.com/id/product/make-up/wardah-refill-lightening-powder-foundation?ref=https://www.wardahbeauty.com/id/product/list/make-up/sort/all?page=3
Refill Lightening Powder Foundation,wardah,foundation & cussion,Golden Beige,#fcd7c8,"(252, 215, 200)",'spring clear',54.06262323637574,"(255.0, 191.0, '218')",'summer soft',45.93737676362426,"(255.0, 246.0, '183')",https://www.wardahbeauty.com/id/product/make-up/wardah-refill-lightening-powder-foundation?ref=https://www.wardahbeauty.com/id/product/list/make-up/sort/all?page=3
Refill Lightening Powder Foundation,wardah,foundation & cussion,She\,#f8e3e4,"(248, 227, 228)",'spring light',50.92282346979942,"(239.0, 239.0, '234')",'winter cool',49.07717653020058,"(255.0, 233.0, '242')",https://www.wardahbeauty.com/id/product/make-up/wardah-refill-lightening-powder-foundation?ref=https://www.wardahbeauty.com/id/product/list/make-up/sort/all?page=3
Refill Lightening Powder Foundation,wardah,foundation & cussion,Natural,#f3d4c1,"(243, 212, 193)",'autumn soft',53.379171096223146,"(222.0, 193.0, '182')",'spring clear',46.620828903776854,"(255.0, 191.0, '218')",https://www.wardahbeauty.com/id/product/make-up/wardah-refill-lightening-powder-foundation?ref=https://www.wardahbeauty.com/id/product/list/make-up/sort/all?page=3
Refill Lightening Powder Foundation,wardah,foundation & cussion,Beige,#f7dec9,"(247, 222, 201)",'summer soft',53.864028759388425,"(255.0, 246.0, '183')",'spring clear',46.135971240611575,"(255.0, 191.0, '218')",https://www.wardahbeauty.com/id/product/make-up/wardah-refill-lightening-powder-foundation?ref=https://www.wardahbeauty.com/id/product/list/make-up/sort/all?page=3
Refill Lightening Powder Foundation,wardah,foundation & cussion,Ivory,#f3dcba,"(243, 220, 186)",'summer soft',52.153934684683776,"(255.0, 246.0, '183')",'spring light',47.846065315316224,"(255.0, 241.0, '166')",https://www.wardahbeauty.com/id/product/make-up/wardah-refill-lightening-powder-foundation?ref=https://www.wardahbeauty.com/id/product/list/make-up/sort/all?page=3
Refill Lightening Powder Foundation,wardah,foundation & cussion,Honey Beige	,#f3dcba,"(243, 220, 186)",'summer soft',52.153934684683776,"(255.0, 246.0, '183')",'spring light',47.846065315316224,"(255.0, 241.0, '166')",https://www.wardahbeauty.com/id/product/make-up/wardah-refill-lightening-powder-foundation?ref=https://www.wardahbeauty.com/id/product/list/make-up/sort/all?page=3
Refill Exclusive Two Way Cake,wardah,face,Light Beige	,#e8caaf,"(232, 202, 175)",'autumn soft',72.16525144852184,"(222.0, 193.0, '182')",'spring light',27.83474855147816,"(253.0, 171.0, '187')",https://www.wardahbeauty.com/id/product/make-up/wardah-refill-exclusive-two-way-cake?ref=https://www.wardahbeauty.com/id/product/list/make-up/sort/all?page=3
Refill Exclusive Two Way Cake,wardah,face,Sheer Pink,#e9b9a7,"(233, 185, 167)",'autumn soft',57.12791457694883,"(222.0, 193.0, '182')",'spring clear',42.87208542305117,"(253.0, 167.0, '165')",https://www.wardahbeauty.com/id/product/make-up/wardah-refill-exclusive-two-way-cake?ref=https://www.wardahbeauty.com/id/product/list/make-up/sort/all?page=3
Refill Exclusive Two Way Cake,wardah,face,Sandy Beige,#ecc5a6,"(236, 197, 166)",'autumn soft',61.45834787322251,"(222.0, 193.0, '182')",'spring clear',38.54165212677751,"(253.0, 167.0, '165')",https://www.wardahbeauty.com/id/product/make-up/wardah-refill-exclusive-two-way-cake?ref=https://www.wardahbeauty.com/id/product/list/make-up/sort/all?page=3
Refill Exclusive Two Way Cake,wardah,face,Natural,#dfbb99,"(223, 187, 153)",'autumn soft',53.83517327743959,"(222.0, 193.0, '182')",'spring light',46.164826722560406,"(255.0, 176.0, '146')",https://www.wardahbeauty.com/id/product/make-up/wardah-refill-exclusive-two-way-cake?ref=https://www.wardahbeauty.com/id/product/list/make-up/sort/all?page=3
Refill Exclusive Two Way Cake,wardah,face,Coffee Beige,#d5aa82,"(213, 170, 130)",'autumn warm',64.65925327532459,"(217.0, 159.0, '113')",'autumn soft',35.34074672467541,"(224.0, 134.0, '127')",https://www.wardahbeauty.com/id/product/make-up/wardah-refill-exclusive-two-way-cake?ref=https://www.wardahbeauty.com/id/product/list/make-up/sort/all?page=3
Refill Exclusive Flawless Cover Cushion,wardah,face,Light Beige	,#fed1aa,"(254, 209, 170)",'spring light',53.90811233260704,"(255.0, 241.0, '166')",'autumn soft',46.09188766739295,"(222.0, 193.0, '182')",https://www.wardahbeauty.com/id/product/make-up/wardah-refill-exclusive-flawless-cover-cushion?ref=https://www.wardahbeauty.com/id/product/list/make-up/sort/all?page=3
Refill Exclusive Flawless Cover Cushion,wardah,face,Honey Beige	,#ffd5bb,"(255, 213, 187)",'summer soft',51.288408581978096,"(255.0, 246.0, '183')",'spring light',48.71159141802192,"(255.0, 241.0, '166')",https://www.wardahbeauty.com/id/product/make-up/wardah-refill-exclusive-flawless-cover-cushion?ref=https://www.wardahbeauty.com/id/product/list/make-up/sort/all?page=3
Refill Exclusive Flawless Cover Cushion,wardah,face,Sandy Beige	,#fec6a8,"(254, 198, 168)",'spring light',50.02577320272431,"(255.0, 176.0, '146')",'spring clear',49.97422679727569,"(253.0, 167.0, '165')",https://www.wardahbeauty.com/id/product/make-up/wardah-refill-exclusive-flawless-cover-cushion?ref=https://www.wardahbeauty.com/id/product/list/make-up/sort/all?page=3
Refill Exclusive Flawless Cover Cushion,wardah,face,Natural,#e4ab94,"(228, 171, 148)",'spring light',52.55404014706472,"(255.0, 176.0, '146')",'spring clear',47.44595985293528,"(253.0, 167.0, '165')",https://www.wardahbeauty.com/id/product/make-up/wardah-refill-exclusive-flawless-cover-cushion?ref=https://www.wardahbeauty.com/id/product/list/make-up/sort/all?page=3
Refill Exclusive Flawless Cover Cushion,wardah,face,Coffee,,,'summer soft',55.292879459669564,"(255.0, 246.0, '183')",'spring light',44.70712054033045,"(255.0, 241.0, '166')",https://www.wardahbeauty.com/id/product/make-up/wardah-refill-exclusive-flawless-cover-cushion?ref=https://www.wardahbeauty.com/id/product/list/make-up/sort/all?page=3
Colorfit Velvet Powder Foundation Refill,wardah,foundation & cussion,Warm Ivory,#f6ddc2,"(246, 221, 194)",'summer soft',51.60972849001602,"(255.0, 246.0, '183')",'spring clear',48.39027150998398,"(255.0, 191.0, '218')",https://www.wardahbeauty.com/id/product/make-up/wardah-colorfit-velvet-powder-foundation-refill?ref=https://www.wardahbeauty.com/id/product/list/make-up/sort/all?page=3
Colorfit Velvet Powder Foundation Refill,wardah,foundation & cussion,Pink Fair,#f6d9c4,"(246, 217, 196)",'autumn soft',50.181239055049545,"(222.0, 193.0, '182')",'spring clear',49.81876094495047,"(255.0, 191.0, '218')",https://www.wardahbeauty.com/id/product/make-up/wardah-colorfit-velvet-powder-foundation-refill?ref=https://www.wardahbeauty.com/id/product/list/make-up/sort/all?page=3
Colorfit Velvet Powder Foundation Refill,wardah,foundation & cussion,Neutral Beige,#f4d7c4,"(244, 215, 196)",'autumn soft',70.54082677535669,"(222.0, 193.0, '182')",'spring light',29.45917322464331,"(253.0, 171.0, '187')",https://www.wardahbeauty.com/id/product/make-up/wardah-colorfit-velvet-powder-foundation-refill?ref=https://www.wardahbeauty.com/id/product/list/make-up/sort/all?page=3
Colorfit Velvet Powder Foundation Refill,wardah,foundation & cussion,Olive Beige,#e8cdae,"(232, 205, 174)",'autumn soft',69.96564695886703,"(222.0, 193.0, '182')",'spring clear',30.034353041132977,"(193.0, 190.0, '184')",https://www.wardahbeauty.com/id/product/make-up/wardah-colorfit-velvet-powder-foundation-refill?ref=https://www.wardahbeauty.com/id/product/list/make-up/sort/all?page=3
Colorfit Velvet Powder Foundation Refill,wardah,foundation & cussion,Neutral Sand,#e0bca8,"(224, 188, 168)",'autumn soft',55.572481963160136,"(222.0, 193.0, '182')",'spring light',44.427518036839864,"(255.0, 176.0, '146')",https://www.wardahbeauty.com/id/product/make-up/wardah-colorfit-velvet-powder-foundation-refill?ref=https://www.wardahbeauty.com/id/product/list/make-up/sort/all?page=3
Colorfit Velvet Powder Foundation Refill,wardah,foundation & cussion,Golden Sand,#e0bc9b,"(224, 188, 155)",'summer soft',54.609482653799304,"(255.0, 246.0, '183')",'spring light',45.39051734620071,"(255.0, 241.0, '166')",https://www.wardahbeauty.com/id/product/make-up/wardah-colorfit-velvet-powder-foundation-refill?ref=https://www.wardahbeauty.com/id/product/list/make-up/sort/all?page=3
Colorfit Velvet Powder Foundation Refill,wardah,foundation & cussion,Light Ivory,#f6e0bc,"(246, 224, 188)",'autumn soft',64.055313395927,"(222.0, 193.0, '182')",'spring clear',35.944686604072984,"(193.0, 190.0, '184')",https://www.wardahbeauty.com/id/product/make-up/wardah-colorfit-velvet-powder-foundation-refill?ref=https://www.wardahbeauty.com/id/product/list/make-up/sort/all?page=3
Colorfit Velvet Powder Foundation Refill,wardah,foundation & cussion,Almond,#ddbca3,"(221, 188, 163)",'spring light',55.78121100146844,"(255.0, 176.0, '146')",'spring clear',44.218788998531544,"(253.0, 167.0, '165')",https://www.wardahbeauty.com/id/product/make-up/wardah-colorfit-velvet-powder-foundation-refill?ref=https://www.wardahbeauty.com/id/product/list/make-up/sort/all?page=3
Wardah Colorfit Mattifying Powder,wardah,powder,Light Ivory,#F0BF9B,"(240, 191, 155)",'spring light',59.21651388312546,"(255.0, 176.0, '146')",'spring clear',40.783486116874535,"(253.0, 167.0, '165')",https://www.wardahbeauty.com/id/product/make-up/wardah-colorfit-mattifying-powder?ref=https://www.wardahbeauty.com/id/product/list/make-up/sort/all?page=4
Wardah Colorfit Mattifying Powder,wardah,powder,Warm Ivory,#ECBA93,"(236, 186, 147)",'autumn warm',58.861408339331774,"(217.0, 159.0, '113')",'autumn soft',41.13859166066821,"(224.0, 134.0, '127')",https://www.wardahbeauty.com/id/product/make-up/wardah-colorfit-mattifying-powder?ref=https://www.wardahbeauty.com/id/product/list/make-up/sort/all?page=4
Wardah Colorfit Mattifying Powder,wardah,powder,Neutral Beige,#D5A286,"(213, 162, 134)",'autumn warm',68.7844592010199,"(217.0, 159.0, '113')",'autumn soft',31.21554079898009,"(224.0, 134.0, '127')",https://www.wardahbeauty.com/id/product/make-up/wardah-colorfit-mattifying-powder?ref=https://www.wardahbeauty.com/id/product/list/make-up/sort/all?page=4
Wardah Colorfit Mattifying Powder,wardah,powder,Golden Sand,#DD9767,"(221, 151, 103)",'autumn soft',70.42498933098575,"(224.0, 134.0, '127')",'summer soft',29.575010669014258,"(197.0, 121.0, '125')",https://www.wardahbeauty.com/id/product/make-up/wardah-colorfit-mattifying-powder?ref=https://www.wardahbeauty.com/id/product/list/make-up/sort/all?page=4
Wardah Colorfit Last All Day Lip Paint,wardah,lip,Peach Till Drop,#dc8b8b,"(220, 139, 139)",'autumn warm',51.509601528218305,"(218.0, 103.0, '85')",'summer cool ',48.49039847178168,"(208.0, 49.0, '79')",https://www.wardahbeauty.com/id/product/make-up/wardah-colorfit-last-all-day-lip-paint?ref=https://www.wardahbeauty.com/id/product/list/make-up/sort/all?page=4
Wardah Colorfit Last All Day Lip Paint,wardah,lip,Eternal Sunset,#c65149,"(198, 81, 73)",'summer light',50.623114431072416,"(164.0, 104.0, '114')",'summer soft',49.3768855689276,"(177.0, 89.0, '123')",https://www.wardahbeauty.com/id/product/make-up/wardah-colorfit-last-all-day-lip-paint?ref=https://www.wardahbeauty.com/id/product/list/make-up/sort/all?page=4
Wardah Colorfit Last All Day Lip Paint,wardah,lip,Stick to Latte,#a44e5e,"(164, 78, 94)",'autumn soft',55.51691154924433,"(167.0, 85.0, '47')",'summer light',44.48308845075568,"(164.0, 104.0, '114')",https://www.wardahbeauty.com/id/product/make-up/wardah-colorfit-last-all-day-lip-paint?ref=https://www.wardahbeauty.com/id/product/list/make-up/sort/all?page=4
Wardah Colorfit Last All Day Lip Paint,wardah,lip,Brownderlast,#a7554f,"(167, 85, 79)",'summer light',54.64022061267566,"(164.0, 104.0, '114')",'summer soft',45.35977938732434,"(177.0, 89.0, '123')",https://www.wardahbeauty.com/id/product/make-up/wardah-colorfit-last-all-day-lip-paint?ref=https://www.wardahbeauty.com/id/product/list/make-up/sort/all?page=4
Wardah Colorfit Last All Day Lip Paint,wardah,lip,Stay Russet,#b06154,"(176, 97, 84)",'autumn soft',73.401416012437,"(224.0, 134.0, '127')",'summer soft',26.598583987563018,"(197.0, 121.0, '125')",https://www.wardahbeauty.com/id/product/make-up/wardah-colorfit-last-all-day-lip-paint?ref=https://www.wardahbeauty.com/id/product/list/make-up/sort/all?page=4
Wardah Colorfit Last All Day Lip Paint,wardah,lip,Infinite Coral,#df7d7c,"(223, 125, 124)",'autumn warm',70.69615790140237,"(156.0, 35.0, '53')",'autumn warm',29.30384209859762,"(133.0, 67.0, '35')",https://www.wardahbeauty.com/id/product/make-up/wardah-colorfit-last-all-day-lip-paint?ref=https://www.wardahbeauty.com/id/product/list/make-up/sort/all?page=4
Wardah Colorfit Last All Day Lip Paint,wardah,lip,Brick On,#A72B2A,"(167, 43, 42)",'winter deep',50.83850004732937,"(198.0, 31.0, '87')",'winter clear',49.16149995267063,"(194.0, 31.0, '90')",https://www.wardahbeauty.com/id/product/make-up/wardah-colorfit-last-all-day-lip-paint?ref=https://www.wardahbeauty.com/id/product/list/make-up/sort/all?page=4
Wardah Colorfit Last All Day Lip Paint,wardah,lip,Red Repeat,#BC204B,"(188, 32, 75)",'summer cool ',55.584137625600746,"(208.0, 49.0, '79')",'winter clear',44.415862374399254,"(194.0, 31.0, '90')",https://www.wardahbeauty.com/id/product/make-up/wardah-colorfit-last-all-day-lip-paint?ref=https://www.wardahbeauty.com/id/product/list/make-up/sort/all?page=4
Wardah Colorfit Last All Day Lip Paint,wardah,lip,Timeless Rose,#B83A4B,"(184, 58, 75)",'summer soft',53.75330801053316,"(177.0, 89.0, '123')",'summer light',46.24669198946684,"(164.0, 104.0, '114')",https://www.wardahbeauty.com/id/product/make-up/wardah-colorfit-last-all-day-lip-paint?ref=https://www.wardahbeauty.com/id/product/list/make-up/sort/all?page=4
Wardah Colorfit Last All Day Lip Paint,wardah,lip,Forever Mauve,#B65A65,"(182, 90, 101)",'winter deep',62.39557438964162,"(205.0, 52.0, '135')",'winter clear',37.60442561035839,"(255.0, 48.0, '151')",https://www.wardahbeauty.com/id/product/make-up/wardah-colorfit-last-all-day-lip-paint?ref=https://www.wardahbeauty.com/id/product/list/make-up/sort/all?page=4
Wardah Colorfit Last All Day Lip Paint,wardah,lip,Everlast Pink,#E0457B,"(224, 69, 123)",'autumn warm',50.540902146496556,"(218.0, 103.0, '85')",'summer soft',49.45909785350343,"(177.0, 89.0, '123')",https://www.wardahbeauty.com/id/product/make-up/wardah-colorfit-last-all-day-lip-paint?ref=https://www.wardahbeauty.com/id/product/list/make-up/sort/all?page=4
Wardah Colorfit Last All Day Lip Paint,wardah,lip,Berry Lasting,#D25B73,"(210, 91, 115)",'spring light',55.78121100146844,"(255.0, 176.0, '146')",'spring clear',44.218788998531544,"(253.0, 167.0, '165')",https://www.wardahbeauty.com/id/product/make-up/wardah-colorfit-last-all-day-lip-paint?ref=https://www.wardahbeauty.com/id/product/list/make-up/sort/all?page=4
Wardah Colorfit Matte Foundation,wardah,lip,Light Ivory,#F0BF9B,"(240, 191, 155)",'autumn soft',54.155872388482415,"(222.0, 193.0, '182')",'spring light',45.844127611517585,"(253.0, 171.0, '187')",https://www.wardahbeauty.com/id/product/make-up/wardah-colorfit-matte-foundation?ref=https://www.wardahbeauty.com/id/product/list/make-up/sort/all?page=4
Wardah Colorfit Matte Foundation,wardah,lip,Pink Fair,#F3C4BF,"(243, 196, 191)",'autumn warm',65.92717976153,"(217.0, 159.0, '113')",'autumn soft',34.07282023847,"(224.0, 134.0, '127')",https://www.wardahbeauty.com/id/product/make-up/wardah-colorfit-matte-foundation?ref=https://www.wardahbeauty.com/id/product/list/make-up/sort/all?page=4
Wardah Colorfit Matte Foundation,wardah,lip,Neutral Sand,#D8A380,"(216, 163, 128)",'autumn soft',56.61960374582229,"(167.0, 85.0, '47')",'spring warm',43.380396254177725,"(144.0, 76.0, '25')",https://www.wardahbeauty.com/id/product/make-up/wardah-colorfit-matte-foundation?ref=https://www.wardahbeauty.com/id/product/list/make-up/sort/all?page=4
Wardah Colorfit Matte Foundation,wardah,lip,Almond,#A6631B,"(166, 99, 27)",'autumn warm',64.78996174881009,"(217.0, 159.0, '113')",'autumn soft',35.21003825118992,"(224.0, 134.0, '127')",https://www.wardahbeauty.com/id/product/make-up/wardah-colorfit-matte-foundation?ref=https://www.wardahbeauty.com/id/product/list/make-up/sort/all?page=4
Wardah Colorfit Matte Foundation,wardah,lip,Olive Beige,#DFA880,"(223, 168, 128)",'autumn warm',68.7844592010199,"(217.0, 159.0, '113')",'autumn soft',31.21554079898009,"(224.0, 134.0, '127')",https://www.wardahbeauty.com/id/product/make-up/wardah-colorfit-matte-foundation?ref=https://www.wardahbeauty.com/id/product/list/make-up/sort/all?page=4
Wardah Colorfit Matte Foundation,wardah,lip,Golden Sand,#DD9767,"(221, 151, 103)",'spring light',59.21651388312546,"(255.0, 176.0, '146')",'spring clear',40.783486116874535,"(253.0, 167.0, '165')",https://www.wardahbeauty.com/id/product/make-up/wardah-colorfit-matte-foundation?ref=https://www.wardahbeauty.com/id/product/list/make-up/sort/all?page=4
Wardah Colorfit Matte Foundation,wardah,lip,Warm Ivory,#ECBA93,"(236, 186, 147)",'autumn warm',58.861408339331774,"(217.0, 159.0, '113')",'autumn soft',41.13859166066821,"(224.0, 134.0, '127')",https://www.wardahbeauty.com/id/product/make-up/wardah-colorfit-matte-foundation?ref=https://www.wardahbeauty.com/id/product/list/make-up/sort/all?page=4
Wardah Colorfit Matte Foundation,wardah,lip,Neutral Beige,#D5A286,"(213, 162, 134)",'autumn warm',64.78996174881009,"(217.0, 159.0, '113')",'autumn soft',35.21003825118992,"(224.0, 134.0, '127')",https://www.wardahbeauty.com/id/product/make-up/wardah-colorfit-matte-foundation?ref=https://www.wardahbeauty.com/id/product/list/make-up/sort/all?page=4
Wardah Colorfit Velvet Powder Foundation,wardah,foundation & cussion,Olive Beige,#DFA880,"(223, 168, 128)",'autumn soft',54.155872388482415,"(222.0, 193.0, '182')",'spring light',45.844127611517585,"(253.0, 171.0, '187')",https://www.wardahbeauty.com/id/product/make-up/wardah-colorfit-velvet-powder-foundation?ref=https://www.wardahbeauty.com/id/product/list/make-up/sort/all?page=4
Wardah Colorfit Velvet Powder Foundation,wardah,foundation & cussion,Pink Fair,#F3C4BF,"(243, 196, 191)",'spring light',55.78121100146844,"(255.0, 176.0, '146')",'spring clear',44.218788998531544,"(253.0, 167.0, '165')",https://www.wardahbeauty.com/id/product/make-up/wardah-colorfit-velvet-powder-foundation?ref=https://www.wardahbeauty.com/id/product/list/make-up/sort/all?page=4
Wardah Colorfit Velvet Powder Foundation,wardah,foundation & cussion,Light Ivory,#F0BF9B,"(240, 191, 155)",'summer soft',55.292879459669564,"(255.0, 246.0, '183')",'spring light',44.70712054033045,"(255.0, 241.0, '166')",https://www.wardahbeauty.com/id/product/make-up/wardah-colorfit-velvet-powder-foundation?ref=https://www.wardahbeauty.com/id/product/list/make-up/sort/all?page=4
Wardah Colorfit Velvet Powder Foundation,wardah,foundation & cussion,Warm Ivory,#f6ddc2,"(246, 221, 194)",'autumn warm',58.861408339331774,"(217.0, 159.0, '113')",'autumn soft',41.13859166066821,"(224.0, 134.0, '127')",https://www.wardahbeauty.com/id/product/make-up/wardah-colorfit-velvet-powder-foundation?ref=https://www.wardahbeauty.com/id/product/list/make-up/sort/all?page=4
Wardah Colorfit Velvet Powder Foundation,wardah,foundation & cussion,Neutral Beige,#D5A286,"(213, 162, 134)",'autumn warm',65.92717976153,"(217.0, 159.0, '113')",'autumn soft',34.07282023847,"(224.0, 134.0, '127')",https://www.wardahbeauty.com/id/product/make-up/wardah-colorfit-velvet-powder-foundation?ref=https://www.wardahbeauty.com/id/product/list/make-up/sort/all?page=4
Wardah Colorfit Velvet Powder Foundation,wardah,foundation & cussion,Neutral Sand,#D8A380,"(216, 163, 128)",'autumn warm',68.7844592010199,"(217.0, 159.0, '113')",'autumn soft',31.21554079898009,"(224.0, 134.0, '127')",https://www.wardahbeauty.com/id/product/make-up/wardah-colorfit-velvet-powder-foundation?ref=https://www.wardahbeauty.com/id/product/list/make-up/sort/all?page=4
Wardah Colorfit Velvet Powder Foundation,wardah,foundation & cussion,Golden Sand,#DD9767,"(221, 151, 103)",'autumn soft',56.61960374582229,"(167.0, 85.0, '47')",'spring warm',43.380396254177725,"(144.0, 76.0, '25')",https://www.wardahbeauty.com/id/product/make-up/wardah-colorfit-velvet-powder-foundation?ref=https://www.wardahbeauty.com/id/product/list/make-up/sort/all?page=4
Wardah Colorfit Velvet Powder Foundation,wardah,foundation & cussion,Almond,#A6631B,"(166, 99, 27)",'summer soft',59.59048621901204,"(197.0, 121.0, '125')",'autumn warm',40.40951378098796,"(218.0, 103.0, '85')",https://www.wardahbeauty.com/id/product/make-up/wardah-colorfit-velvet-powder-foundation?ref=https://www.wardahbeauty.com/id/product/list/make-up/sort/all?page=4
Wardah Colorfit Ultralight Matte Lipstick Korea Edition,wardah,lip,Romantic Namsan,#d16974,"(209, 105, 116)",'autumn warm',68.68172225720473,"(218.0, 103.0, '85')",'spring warm',31.318277742795264,"(225.0, 128.0, '74')",https://www.wardahbeauty.com/id/product/make-up/wardah-colorfit-ultralight-matte-lipstick-korea-edition?ref=https://www.wardahbeauty.com/id/product/list/make-up/sort/all?page=4
Wardah Colorfit Ultralight Matte Lipstick Korea Edition,wardah,lip,Stunning Seoul,#cb695c,"(203, 105, 92)",'autumn soft',52.549134863857084,"(167.0, 85.0, '47')",'summer light',47.450865136142916,"(164.0, 104.0, '114')",https://www.wardahbeauty.com/id/product/make-up/wardah-colorfit-ultralight-matte-lipstick-korea-edition?ref=https://www.wardahbeauty.com/id/product/list/make-up/sort/all?page=4
Wardah Colorfit Ultralight Matte Lipstick Korea Edition,wardah,lip,Sunkissed Jeju,#b05751,"(176, 87, 81)",'autumn warm',64.76584690992999,"(156.0, 35.0, '53')",'autumn warm',35.234153090070016,"(133.0, 67.0, '35')",https://www.wardahbeauty.com/id/product/make-up/wardah-colorfit-ultralight-matte-lipstick-korea-edition?ref=https://www.wardahbeauty.com/id/product/list/make-up/sort/all?page=4
Wardah Colorfit Ultralight Matte Lipstick Korea Edition,wardah,lip,Autumn Nami,#a62720,"(166, 39, 32)",'autumn warm',68.89950825431366,"(156.0, 35.0, '53')",'autumn warm',31.10049174568634,"(199.0, 28.0, '0')",https://www.wardahbeauty.com/id/product/make-up/wardah-colorfit-ultralight-matte-lipstick-korea-edition?ref=https://www.wardahbeauty.com/id/product/list/make-up/sort/all?page=4
Wardah Colorfit Ultralight Matte Lipstick Korea Edition,wardah,lip,Upbeat Hongdae,#ad2028,"(173, 32, 40)",'spring clear',51.90208389221884,"(255.0, 191.0, '218')",'spring light',48.09791610778117,"(239.0, 239.0, '234')",https://www.wardahbeauty.com/id/product/make-up/wardah-colorfit-ultralight-matte-lipstick-korea-edition?ref=https://www.wardahbeauty.com/id/product/list/make-up/sort/all?page=4
Lightening Liquid Concealer,wardah,face,01 Pink Fair (11C),#f3dad0,"(243, 218, 208)",'autumn soft',58.77193946340953,"(222.0, 193.0, '182')",'spring light',41.22806053659046,"(255.0, 176.0, '146')",https://www.wardahbeauty.com/id/product/make-up/wardah-lightening-liquid-concealer?ref=https://www.wardahbeauty.com/id/product/list/make-up/sort/all?page=4
Lightening Liquid Concealer,wardah,face,02 Neutral Beige (32N),#eac5a2,"(234, 197, 162)",'spring light',66.71973262363902,"(255.0, 176.0, '146')",'spring clear',33.28026737636098,"(253.0, 167.0, '165')",https://www.wardahbeauty.com/id/product/make-up/wardah-lightening-liquid-concealer?ref=https://www.wardahbeauty.com/id/product/list/make-up/sort/all?page=4
Lightening Liquid Concealer,wardah,face,03 Golden Sand (43W),#f3b98c,"(243, 185, 140)",'spring light',52.17405144758507,"(239.0, 239.0, '234')",'summer light',47.82594855241493,"(206.0, 218.0, '229')",https://www.wardahbeauty.com/id/product/make-up/wardah-lightening-liquid-concealer?ref=https://www.wardahbeauty.com/id/product/list/make-up/sort/all?page=4
Wardah Lightening Liquid Foundation,wardah,foundation & cussion,01 Neutral Fair (12N),#e6dfd9,"(230, 223, 217)",'summer soft',53.65232322678845,"(255.0, 246.0, '183')",'spring light',46.34767677321155,"(239.0, 239.0, '234')",https://www.wardahbeauty.com/id/product/make-up/wardah-lightening-liquid-foundation?ref=https://www.wardahbeauty.com/id/product/list/make-up/sort/all?page=4
Wardah Lightening Liquid Foundation,wardah,foundation & cussion,02 Neutral Beige (32N),#f7e5cc,"(247, 229, 204)",'autumn soft',59.025020906992864,"(222.0, 193.0, '182')",'spring light',40.974979093007136,"(255.0, 241.0, '166')",https://www.wardahbeauty.com/id/product/make-up/wardah-lightening-liquid-foundation?ref=https://www.wardahbeauty.com/id/product/list/make-up/sort/all?page=4
Wardah Lightening Liquid Foundation,wardah,foundation & cussion,03 Warm Beige (32W),#eed2ad,"(238, 210, 173)",'autumn warm',62.3857887373785,"(217.0, 159.0, '113')",'spring warm',37.61421126262151,"(255.0, 143.0, '114')",https://www.wardahbeauty.com/id/product/make-up/wardah-lightening-liquid-foundation?ref=https://www.wardahbeauty.com/id/product/list/make-up/sort/all?page=4
Wardah Lightening Liquid Foundation,wardah,foundation & cussion,04 Caramel (53W),#e89d69,"(232, 157, 105)",'autumn warm',54.57629654872478,"(217.0, 159.0, '113')",'spring light',45.42370345127522,"(255.0, 176.0, '146')",https://www.wardahbeauty.com/id/product/make-up/wardah-lightening-liquid-foundation?ref=https://www.wardahbeauty.com/id/product/list/make-up/sort/all?page=4
Wardah Lightening Liquid Foundation,wardah,foundation & cussion,05 Warm Ivory (23W) ,#d9b28b,"(217, 178, 139)",'autumn warm',59.08329803170862,"(217.0, 159.0, '113')",'summer soft',40.91670196829138,"(197.0, 121.0, '125')",https://www.wardahbeauty.com/id/product/make-up/wardah-lightening-liquid-foundation?ref=https://www.wardahbeauty.com/id/product/list/make-up/sort/all?page=4
Wardah Lightening Liquid Foundation,wardah,foundation & cussion,06 Neutral Sand (42N),#c39b79,"(195, 155, 121)",'summer soft',54.96880282207079,"(255.0, 246.0, '183')",'spring light',45.03119717792921,"(255.0, 241.0, '166')",https://www.wardahbeauty.com/id/product/make-up/wardah-lightening-liquid-foundation?ref=https://www.wardahbeauty.com/id/product/list/make-up/sort/all?page=4
Wardah Lightening Powder Foundation Extra Cover,wardah,foundation & cussion,	Light Beige,#f8ddc0,"(248, 221, 192)",'spring clear',54.06262323637574,"(255.0, 191.0, '218')",'summer soft',45.93737676362426,"(255.0, 246.0, '183')",https://www.wardahbeauty.com/id/product/make-up/wardah-lightening-powder-foundation-extra-cover?ref=https://www.wardahbeauty.com/id/product/list/make-up/sort/all?page=5
Wardah Lightening Powder Foundation Extra Cover,wardah,foundation & cussion,Golden Beige,#fcd7c8,"(252, 215, 200)",'spring light',50.92282346979942,"(239.0, 239.0, '234')",'winter cool',49.07717653020058,"(255.0, 233.0, '242')",https://www.wardahbeauty.com/id/product/make-up/wardah-lightening-powder-foundation-extra-cover?ref=https://www.wardahbeauty.com/id/product/list/make-up/sort/all?page=5
Wardah Lightening Powder Foundation Extra Cover,wardah,foundation & cussion,Sheer Pink,#f8e3e4,"(248, 227, 228)",'autumn soft',53.379171096223146,"(222.0, 193.0, '182')",'spring clear',46.620828903776854,"(255.0, 191.0, '218')",https://www.wardahbeauty.com/id/product/make-up/wardah-lightening-powder-foundation-extra-cover?ref=https://www.wardahbeauty.com/id/product/list/make-up/sort/all?page=5
Wardah Lightening Powder Foundation Extra Cover,wardah,foundation & cussion,Natural,#f3d4c1,"(243, 212, 193)",'summer soft',70.19266461204552,"(197.0, 121.0, '125')",'summer soft',29.80733538795448,"(177.0, 89.0, '123')",https://www.wardahbeauty.com/id/product/make-up/wardah-lightening-powder-foundation-extra-cover?ref=https://www.wardahbeauty.com/id/product/list/make-up/sort/all?page=5
Colorfit Ultralight Matte Lipstick,wardah,lip,Parfait Pink,#c27075,"(194, 112, 117)",'autumn warm',67.62228858482193,"(218.0, 103.0, '85')",'autumn soft',32.37771141517807,"(231.0, 113.0, '59')",https://www.wardahbeauty.com/id/product/make-up/colorfit-ultralight-matte-lipstick?ref=https://www.wardahbeauty.com/id/product/list/make-up/sort/all?page=5
Colorfit Ultralight Matte Lipstick,wardah,lip,Summer Peach,#ce5b4e,"(206, 91, 78)",'autumn warm',53.06020101248391,"(218.0, 103.0, '85')",'spring warm',46.93979898751609,"(225.0, 128.0, '74')",https://www.wardahbeauty.com/id/product/make-up/colorfit-ultralight-matte-lipstick?ref=https://www.wardahbeauty.com/id/product/list/make-up/sort/all?page=5
Colorfit Ultralight Matte Lipstick,wardah,lip,Caramel Nude,#d57a5f,"(213, 122, 95)",'summer light',51.5054926297007,"(164.0, 104.0, '114')",'autumn soft',48.4945073702993,"(167.0, 85.0, '47')",https://www.wardahbeauty.com/id/product/make-up/colorfit-ultralight-matte-lipstick?ref=https://www.wardahbeauty.com/id/product/list/make-up/sort/all?page=5
Colorfit Ultralight Matte Lipstick,wardah,lip,Mocca Brown,#a15953,"(161, 89, 83)",'autumn warm',53.90037206127434,"(133.0, 67.0, '35')",'autumn warm',46.09962793872566,"(156.0, 35.0, '53')",https://www.wardahbeauty.com/id/product/make-up/colorfit-ultralight-matte-lipstick?ref=https://www.wardahbeauty.com/id/product/list/make-up/sort/all?page=5
Colorfit Ultralight Matte Lipstick,wardah,lip,Blossom Pink,#8b3735,"(139, 55, 53)",'summer soft',67.15873211884575,"(177.0, 89.0, '123')",'summer light',32.841267881154245,"(164.0, 104.0, '114')",https://www.wardahbeauty.com/id/product/make-up/colorfit-ultralight-matte-lipstick?ref=https://www.wardahbeauty.com/id/product/list/make-up/sort/all?page=5
Colorfit Ultralight Matte Lipstick,wardah,lip,Punch Fuchsia,#b04d73,"(176, 77, 115)",'autumn deep',56.643171796081006,"(95.0, 46.0, '22')",'autumn warm',43.356828203918994,"(133.0, 67.0, '35')",https://www.wardahbeauty.com/id/product/make-up/colorfit-ultralight-matte-lipstick?ref=https://www.wardahbeauty.com/id/product/list/make-up/sort/all?page=5
Colorfit Ultralight Matte Lipstick,wardah,lip,Crimson Red,#752620,"(117, 38, 32)",'autumn deep',53.93653101504866,"(89.0, 61.0, '56')",'autumn warm',46.06346898495134,"(133.0, 67.0, '35')",https://www.wardahbeauty.com/id/product/make-up/colorfit-ultralight-matte-lipstick?ref=https://www.wardahbeauty.com/id/product/list/make-up/sort/all?page=5
Colorfit Ultralight Matte Lipstick,wardah,lip,Woodsy Brown,#713935,"(113, 57, 53)",'spring light',53.90811233260704,"(255.0, 241.0, '166')",'autumn soft',46.09188766739295,"(222.0, 193.0, '182')",https://www.wardahbeauty.com/id/product/make-up/colorfit-ultralight-matte-lipstick?ref=https://www.wardahbeauty.com/id/product/list/make-up/sort/all?page=5
Exclusive Flawless Cover Cushion,wardah,face,Light Beige,#fed1aa,"(254, 209, 170)",'summer soft',51.288408581978096,"(255.0, 246.0, '183')",'spring light',48.71159141802192,"(255.0, 241.0, '166')",https://www.wardahbeauty.com/id/product/make-up/wardah-exclusive-flawless-cover-cushion?ref=https://www.wardahbeauty.com/id/product/list/make-up/sort/all?page=6
Exclusive Flawless Cover Cushion,wardah,face,Honey Beige,#ffd5bb,"(255, 213, 187)",'spring light',50.02577320272431,"(255.0, 176.0, '146')",'spring clear',49.97422679727569,"(253.0, 167.0, '165')",https://www.wardahbeauty.com/id/product/make-up/wardah-exclusive-flawless-cover-cushion?ref=https://www.wardahbeauty.com/id/product/list/make-up/sort/all?page=6
Exclusive Flawless Cover Cushion,wardah,face,Sandy Beige,#fec6a8,"(254, 198, 168)",'spring light',52.55404014706472,"(255.0, 176.0, '146')",'spring clear',47.44595985293528,"(253.0, 167.0, '165')",https://www.wardahbeauty.com/id/product/make-up/wardah-exclusive-flawless-cover-cushion?ref=https://www.wardahbeauty.com/id/product/list/make-up/sort/all?page=6
Exclusive Flawless Cover Cushion,wardah,face,Natural,#e4ab94,"(228, 171, 148)",'autumn soft',50.33754913673534,"(222.0, 193.0, '182')",'spring clear',49.662450863264674,"(193.0, 190.0, '184')",https://www.wardahbeauty.com/id/product/make-up/wardah-exclusive-flawless-cover-cushion?ref=https://www.wardahbeauty.com/id/product/list/make-up/sort/all?page=6
Luminous  Creamy Foundation,wardah,foundation & cussion,Sheer Pink,#d0af9e,"(208, 175, 158)",'autumn soft',58.658995319411424,"(222.0, 193.0, '182')",'spring clear',41.341004680588576,"(193.0, 190.0, '184')",https://www.wardahbeauty.com/id/product/make-up/luminous-creamy-foundation?ref=https://www.wardahbeauty.com/id/product/list/make-up/sort/all?page=7
Luminous  Creamy Foundation,wardah,foundation & cussion,Light Beige,#dabb9d,"(218, 187, 157)",'summer soft',54.62549062906238,"(197.0, 121.0, '125')",'autumn warm',45.37450937093763,"(217.0, 159.0, '113')",https://www.wardahbeauty.com/id/product/make-up/luminous-creamy-foundation?ref=https://www.wardahbeauty.com/id/product/list/make-up/sort/all?page=7
Luminous  Creamy Foundation,wardah,foundation & cussion,Beige,#bc9480,"(188, 148, 128)",'summer soft',52.18626373889976,"(197.0, 121.0, '125')",'winter cool',47.813736261100225,"(167.0, 167.0, '167')",https://www.wardahbeauty.com/id/product/make-up/luminous-creamy-foundation?ref=https://www.wardahbeauty.com/id/product/list/make-up/sort/all?page=7
Luminous  Creamy Foundation,wardah,foundation & cussion,Natural,#b89789,"(184, 151, 137)",'spring light',53.86034660866488,"(239.0, 239.0, '234')",'winter cool',46.13965339133512,"(255.0, 233.0, '242')",https://www.wardahbeauty.com/id/product/make-up/luminous-creamy-foundation?ref=https://www.wardahbeauty.com/id/product/list/make-up/sort/all?page=7
BB Cake Powder Wardah,wardah,powder,Light,#f9e4d3,"(249, 228, 211)",'spring clear',52.21870918551807,"(255.0, 191.0, '218')",'summer soft',47.781290814481935,"(255.0, 246.0, '183')",https://www.wardahbeauty.com/id/product/make-up/lightening-bb-cake-powder?ref=https://www.wardahbeauty.com/id/product/list/make-up/sort/all?page=7
BB Cake Powder Wardah,wardah,powder,Sheer Pink,#f7d9c9,"(247, 217, 201)",'autumn soft',50.261842119951375,"(222.0, 193.0, '182')",'summer soft',49.73815788004862,"(255.0, 246.0, '183')",https://www.wardahbeauty.com/id/product/make-up/lightening-bb-cake-powder?ref=https://www.wardahbeauty.com/id/product/list/make-up/sort/all?page=7
BB Cake Powder Wardah,wardah,powder,Natural,#fad4bc,"(250, 212, 188)",'summer soft',51.9425829877568,"(255.0, 246.0, '183')",'spring clear',48.057417012243185,"(255.0, 191.0, '218')",https://www.wardahbeauty.com/id/product/make-up/lightening-bb-cake-powder?ref=https://www.wardahbeauty.com/id/product/list/make-up/sort/all?page=7
Luminous Compact Powder,wardah,powder,Light Beige,#f8d8c2,"(248, 216, 194)",'autumn soft',56.54111870124877,"(222.0, 193.0, '182')",'spring light',43.458881298751216,"(255.0, 176.0, '146')",https://www.wardahbeauty.com/id/product/make-up/luminous-compact-powder?ref=https://www.wardahbeauty.com/id/product/list/make-up/sort/all?page=7
Luminous Compact Powder,wardah,powder,Beige,#e2ba9e,"(226, 186, 158)",'autumn soft',58.04377884256724,"(222.0, 193.0, '182')",'spring light',41.95622115743277,"(255.0, 241.0, '166')",https://www.wardahbeauty.com/id/product/make-up/luminous-compact-powder?ref=https://www.wardahbeauty.com/id/product/list/make-up/sort/all?page=7
Luminous Compact Powder,wardah,powder,Ivory,#f0d2af,"(240, 210, 175)",'spring light',56.73699023790253,"(255.0, 176.0, '146')",'spring clear',43.26300976209746,"(253.0, 167.0, '165')",https://www.wardahbeauty.com/id/product/make-up/luminous-compact-powder?ref=https://www.wardahbeauty.com/id/product/list/make-up/sort/all?page=7
Luminous Compact Powder,wardah,powder,Natural,#e9be95,"(233, 190, 149)",'autumn soft',63.561880501456436,"(222.0, 193.0, '182')",'spring clear',36.438119498543564,"(193.0, 190.0, '184')",https://www.wardahbeauty.com/id/product/make-up/luminous-compact-powder?ref=https://www.wardahbeauty.com/id/product/list/make-up/sort/all?page=7
Wardah Luminous Face Powder,wardah,powder,Light Beige,#d4bfb0,"(212, 191, 176)",'autumn soft',53.80316105250038,"(222.0, 193.0, '182')",'spring clear',46.19683894749963,"(193.0, 190.0, '184')",https://www.wardahbeauty.com/id/product/make-up/luminous-face-powder?ref=https://www.wardahbeauty.com/id/product/list/make-up/sort/all?page=7
Wardah Luminous Face Powder,wardah,powder,Beige,#d4b3a0,"(212, 179, 160)",'autumn soft',60.877895863704936,"(222.0, 193.0, '182')",'spring clear',39.122104136295064,"(193.0, 190.0, '184')",https://www.wardahbeauty.com/id/product/make-up/luminous-face-powder?ref=https://www.wardahbeauty.com/id/product/list/make-up/sort/all?page=7
Wardah Luminous Face Powder,wardah,powder,Ivory,#d8bfa3,"(216, 191, 163)",'summer soft',57.95899602956761,"(197.0, 121.0, '125')",'autumn warm',42.04100397043238,"(217.0, 159.0, '113')",https://www.wardahbeauty.com/id/product/make-up/luminous-face-powder?ref=https://www.wardahbeauty.com/id/product/list/make-up/sort/all?page=7
Wardah Luminous Face Powder,wardah,powder,Natural,#bb8d71,"(187, 141, 113)",'autumn soft',62.352964009035304,"(222.0, 193.0, '182')",'spring clear',37.647035990964696,"(255.0, 191.0, '218')",https://www.wardahbeauty.com/id/product/make-up/luminous-face-powder?ref=https://www.wardahbeauty.com/id/product/list/make-up/sort/all?page=7
Luminous Liquid Foundation,wardah,foundation & cussion,Natural White,#ecd2be,"(236, 210, 190)",'autumn soft',60.10297724771725,"(222.0, 193.0, '182')",'spring light',39.89702275228274,"(255.0, 241.0, '166')",https://www.wardahbeauty.com/id/product/make-up/luminous-liquid-foundation?ref=https://www.wardahbeauty.com/id/product/list/make-up/sort/all?page=8
Luminous Liquid Foundation,wardah,foundation & cussion,Beige,#edcea5,"(237, 206, 165)",'autumn soft',58.182991861863286,"(222.0, 193.0, '182')",'spring light',41.81700813813672,"(255.0, 241.0, '166')",https://www.wardahbeauty.com/id/product/make-up/luminous-liquid-foundation?ref=https://www.wardahbeauty.com/id/product/list/make-up/sort/all?page=8
Luminous Liquid Foundation,wardah,foundation & cussion,Light Beige,#f0cea6,"(240, 206, 166)",'autumn warm',71.63601035579272,"(217.0, 159.0, '113')",'autumn soft',28.363989644207265,"(224.0, 134.0, '127')",https://www.wardahbeauty.com/id/product/make-up/luminous-liquid-foundation?ref=https://www.wardahbeauty.com/id/product/list/make-up/sort/all?page=8
Luminous Liquid Foundation,wardah,foundation & cussion,Natural,#cba76a,"(203, 167, 106)",'autumn soft',51.999912192129806,"(222.0, 193.0, '182')",'spring clear',48.00008780787019,"(193.0, 190.0, '184')",https://www.wardahbeauty.com/id/product/make-up/luminous-liquid-foundation?ref=https://www.wardahbeauty.com/id/product/list/make-up/sort/all?page=8
Luminous  Creamy Foundation Extra Cover,wardah,foundation & cussion,Sheer Pink,#d2b1a1,"(210, 177, 161)",'autumn warm',57.344319188869584,"(217.0, 159.0, '113')",'spring light',42.65568081113042,"(255.0, 176.0, '146')",https://www.wardahbeauty.com/id/product/make-up/luminous-creamy-foundation-extra-cover?ref=https://www.wardahbeauty.com/id/product/list/make-up/sort/all?page=8
Luminous  Creamy Foundation Extra Cover,wardah,foundation & cussion,Light Beige,#d4b08c,"(212, 176, 140)",'summer soft',50.30409465360397,"(197.0, 121.0, '125')",'autumn warm',49.69590534639603,"(217.0, 159.0, '113')",https://www.wardahbeauty.com/id/product/make-up/luminous-creamy-foundation-extra-cover?ref=https://www.wardahbeauty.com/id/product/list/make-up/sort/all?page=8
Luminous  Creamy Foundation Extra Cover,wardah,foundation & cussion,Beige,#be9985,"(190, 153, 133)",'summer soft',57.318492025120435,"(197.0, 121.0, '125')",'autumn warm',42.681507974879565,"(217.0, 159.0, '113')",https://www.wardahbeauty.com/id/product/make-up/luminous-creamy-foundation-extra-cover?ref=https://www.wardahbeauty.com/id/product/list/make-up/sort/all?page=8
Luminous  Creamy Foundation Extra Cover,wardah,foundation & cussion,Natural,#b79384,"(183, 147, 132)",'autumn soft',62.04208341606399,"(222.0, 193.0, '182')",'spring clear',37.957916583936026,"(193.0, 190.0, '184')",https://www.wardahbeauty.com/id/product/make-up/luminous-creamy-foundation-extra-cover?ref=https://www.wardahbeauty.com/id/product/list/make-up/sort/all?page=8
BB Cream Every Day,wardah,face,Light ,#dbc6a1,"(219, 198, 161)",'summer light',53.43005802561977,"(164.0, 104.0, '114')",'summer soft',46.569941974380214,"(197.0, 121.0, '125')",https://www.wardahbeauty.com/id/product/make-up/bb-cream-every-day?ref=https://www.wardahbeauty.com/id/product/list/make-up/sort/all?page=8
BB Cream Every Day,wardah,face,Natural,#ad8266,"(173, 130, 102)",'spring light',55.139816954336965,"(255.0, 176.0, '146')",'spring clear',44.86018304566305,"(253.0, 167.0, '165')",https://www.wardahbeauty.com/id/product/make-up/bb-cream-every-day?ref=https://www.wardahbeauty.com/id/product/list/make-up/sort/all?page=8
Exclusive Creamy Foundation,wardah,foundation & cussion,Light Beige,#e9b396,"(233, 179, 150)",'spring light',60.82160188776334,"(255.0, 176.0, '146')",'spring clear',39.17839811223666,"(253.0, 167.0, '165')",https://www.wardahbeauty.com/id/product/make-up/exclusive-creamy-foundation?ref=https://www.wardahbeauty.com/id/product/list/make-up/sort/all?page=8
Exclusive Creamy Foundation,wardah,foundation & cussion,Sheer Pink,#eeab8d,"(238, 171, 141)",'autumn warm',55.868686208882615,"(217.0, 159.0, '113')",'spring light',44.1313137911174,"(255.0, 176.0, '146')",https://www.wardahbeauty.com/id/product/make-up/exclusive-creamy-foundation?ref=https://www.wardahbeauty.com/id/product/list/make-up/sort/all?page=8
Exclusive Creamy Foundation,wardah,foundation & cussion,Sandy Beige,#dea98a,"(222, 169, 138)",'autumn warm',55.68099592314575,"(217.0, 159.0, '113')",'autumn soft',44.31900407685425,"(224.0, 134.0, '127')",https://www.wardahbeauty.com/id/product/make-up/exclusive-creamy-foundation?ref=https://www.wardahbeauty.com/id/product/list/make-up/sort/all?page=8
Exclusive Creamy Foundation,wardah,foundation & cussion,Natural,#d5a28a,"(213, 162, 138)",'summer soft',53.44379198258948,"(197.0, 121.0, '125')",'summer light',46.556208017410526,"(164.0, 104.0, '114')",https://www.wardahbeauty.com/id/product/make-up/exclusive-creamy-foundation?ref=https://www.wardahbeauty.com/id/product/list/make-up/sort/all?page=8
Exclusive Creamy Foundation,wardah,foundation & cussion,Coffee Beige,#b2846c,"(178, 132, 108)",'autumn soft',72.16525144852184,"(222.0, 193.0, '182')",'spring light',27.83474855147816,"(253.0, 171.0, '187')",https://www.wardahbeauty.com/id/product/make-up/exclusive-creamy-foundation?ref=https://www.wardahbeauty.com/id/product/list/make-up/sort/all?page=8
Exclusive Liquid Foundation,wardah,foundation & cussion,Light Beige,#e8caaf,"(232, 202, 175)",'autumn soft',57.12791457694883,"(222.0, 193.0, '182')",'spring clear',42.87208542305117,"(253.0, 167.0, '165')",https://www.wardahbeauty.com/id/product/make-up/exclusive-liquid-foundation?ref=https://www.wardahbeauty.com/id/product/list/make-up/sort/all?page=8
Exclusive Liquid Foundation,wardah,foundation & cussion,Sheer Pink,#e9b9a7,"(233, 185, 167)",'autumn soft',61.45834787322251,"(222.0, 193.0, '182')",'spring clear',38.54165212677751,"(253.0, 167.0, '165')",https://www.wardahbeauty.com/id/product/make-up/exclusive-liquid-foundation?ref=https://www.wardahbeauty.com/id/product/list/make-up/sort/all?page=8
Exclusive Liquid Foundation,wardah,foundation & cussion,Sandy Beige,#ecc5a6,"(236, 197, 166)",'autumn soft',53.83517327743959,"(222.0, 193.0, '182')",'spring light',46.164826722560406,"(255.0, 176.0, '146')",https://www.wardahbeauty.com/id/product/make-up/exclusive-liquid-foundation?ref=https://www.wardahbeauty.com/id/product/list/make-up/sort/all?page=8
Exclusive Liquid Foundation,wardah,foundation & cussion,Natural,#dfbb99,"(223, 187, 153)",'autumn warm',64.65925327532459,"(217.0, 159.0, '113')",'autumn soft',35.34074672467541,"(224.0, 134.0, '127')",https://www.wardahbeauty.com/id/product/make-up/exclusive-liquid-foundation?ref=https://www.wardahbeauty.com/id/product/list/make-up/sort/all?page=8
Exclusive Liquid Foundation,wardah,foundation & cussion,Coffee Beige,#d5aa82,"(213, 170, 130)",'autumn soft',72.16525144852184,"(222.0, 193.0, '182')",'spring light',27.83474855147816,"(253.0, 171.0, '187')",https://www.wardahbeauty.com/id/product/make-up/exclusive-liquid-foundation?ref=https://www.wardahbeauty.com/id/product/list/make-up/sort/all?page=8
Exclusive Two Way Cake,wardah,face,Light Beige,#e8caaf,"(232, 202, 175)",'autumn soft',57.12791457694883,"(222.0, 193.0, '182')",'spring clear',42.87208542305117,"(253.0, 167.0, '165')",https://www.wardahbeauty.com/id/product/make-up/exclusive-two-way-cake?ref=https://www.wardahbeauty.com/id/product/list/make-up/sort/all?page=8
Exclusive Two Way Cake,wardah,face,Sheer Pink,#e9b9a7,"(233, 185, 167)",'autumn soft',61.45834787322251,"(222.0, 193.0, '182')",'spring clear',38.54165212677751,"(253.0, 167.0, '165')",https://www.wardahbeauty.com/id/product/make-up/exclusive-two-way-cake?ref=https://www.wardahbeauty.com/id/product/list/make-up/sort/all?page=8
Exclusive Two Way Cake,wardah,face,Sandy Beige,#ecc5a6,"(236, 197, 166)",'autumn soft',53.83517327743959,"(222.0, 193.0, '182')",'spring light',46.164826722560406,"(255.0, 176.0, '146')",https://www.wardahbeauty.com/id/product/make-up/exclusive-two-way-cake?ref=https://www.wardahbeauty.com/id/product/list/make-up/sort/all?page=8
Exclusive Two Way Cake,wardah,face,Natural,#dfbb99,"(223, 187, 153)",'autumn warm',64.65925327532459,"(217.0, 159.0, '113')",'autumn soft',35.34074672467541,"(224.0, 134.0, '127')",https://www.wardahbeauty.com/id/product/make-up/exclusive-two-way-cake?ref=https://www.wardahbeauty.com/id/product/list/make-up/sort/all?page=8
Exclusive Two Way Cake,wardah,face,Coffee Beige,#d5aa82,"(213, 170, 130)",'summer soft',57.15462502213119,"(255.0, 246.0, '183')",'spring light',42.84537497786881,"(239.0, 239.0, '234')",https://www.wardahbeauty.com/id/product/make-up/exclusive-two-way-cake?ref=https://www.wardahbeauty.com/id/product/list/make-up/sort/all?page=8
Wardah Lightening BB Cream,wardah,face,Light,#f7ebcb,"(247, 235, 203)",'spring light',53.33147425634587,"(255.0, 176.0, '146')",'autumn soft',46.66852574365413,"(222.0, 193.0, '182')",https://www.wardahbeauty.com/id/product/make-up/wardah-lightening-bb-cream?ref=https://www.wardahbeauty.com/id/product/list/make-up/sort/all?page=8
Wardah Lightening BB Cream,wardah,face,Natural,#ecca95,"(236, 202, 149)",'summer cool ',50.0,"(152.0, 42.0, '85')",'winter deep',50.0,"(152.0, 42.0, '85')",https://www.wardahbeauty.com/id/product/make-up/wardah-lightening-bb-cream?ref=https://www.wardahbeauty.com/id/product/list/make-up/sort/all?page=8
Wardah Everyday Cheek & Liptint,wardah,lip,Red Set Glow,#a73e5c,"(167, 62, 92)",'summer soft',64.66024666389659,"(228.0, 106.0, '154')",'autumn soft',35.33975333610342,"(224.0, 134.0, '127')",https://www.wardahbeauty.com/id/product/make-up/wardah-everyday-cheek-liptint?ref=https://www.wardahbeauty.com/id/product/list/make-up/sort/all?page=9
Wardah Everyday Cheek & Liptint,wardah,lip,Pink On Point,#d9799f,"(217, 121, 159)",'summer soft',76.0968829059875,"(228.0, 106.0, '154')",'summer soft',23.903117094012504,"(197.0, 121.0, '125')",https://www.wardahbeauty.com/id/product/make-up/wardah-everyday-cheek-liptint?ref=https://www.wardahbeauty.com/id/product/list/make-up/sort/all?page=9
Wardah Everyday Cheek & Liptint,wardah,lip,My Baerry,#da66a5,"(218, 102, 165)",'autumn soft',60.22482471444246,"(167.0, 85.0, '47')",'summer cool ',39.77517528555754,"(208.0, 49.0, '79')",https://www.wardahbeauty.com/id/product/make-up/wardah-everyday-cheek-liptint?ref=https://www.wardahbeauty.com/id/product/list/make-up/sort/all?page=9
Wardah Long Lasting Lipstick,wardah,lip,Fabulous Peach,#b45148,"(180, 81, 72)",'autumn soft',56.64519025162772,"(224.0, 134.0, '127')",'summer soft',43.35480974837228,"(197.0, 121.0, '125')",https://www.wardahbeauty.com/id/product/make-up/wardah-long-lasting-lipstick?ref=https://www.wardahbeauty.com/id/product/list/make-up/sort/all?page=9
Wardah Long Lasting Lipstick,wardah,lip,Pink Sorbet,#d87e72,"(216, 126, 114)",'summer cool ',50.0,"(152.0, 42.0, '85')",'winter deep',50.0,"(152.0, 42.0, '85')",https://www.wardahbeauty.com/id/product/make-up/wardah-long-lasting-lipstick?ref=https://www.wardahbeauty.com/id/product/list/make-up/sort/all?page=9
Wardah Long Lasting Lipstick,wardah,lip,Simply Brown,#ac4b56,"(172, 75, 86)",'summer soft',57.678152524364634,"(177.0, 89.0, '123')",'summer light',42.321847475635366,"(164.0, 104.0, '114')",https://www.wardahbeauty.com/id/product/make-up/wardah-long-lasting-lipstick?ref=https://www.wardahbeauty.com/id/product/list/make-up/sort/all?page=9
Wardah Long Lasting Lipstick,wardah,lip,Antique Pink,#ae4768,"(174, 71, 104)",'winter clear',52.73210405972621,"(194.0, 31.0, '90')",'winter deep',47.26789594027379,"(198.0, 31.0, '87')",https://www.wardahbeauty.com/id/product/make-up/wardah-long-lasting-lipstick?ref=https://www.wardahbeauty.com/id/product/list/make-up/sort/all?page=9
Wardah Long Lasting Lipstick,wardah,lip,Fuschia Fever,#c42b60,"(196, 43, 96)",'summer cool ',56.02249420768257,"(208.0, 49.0, '79')",'winter clear',43.97750579231743,"(194.0, 31.0, '90')",https://www.wardahbeauty.com/id/product/make-up/wardah-long-lasting-lipstick?ref=https://www.wardahbeauty.com/id/product/list/make-up/sort/all?page=9
Wardah Long Lasting Lipstick,wardah,lip,Delicate Pink,#bc4158,"(188, 65, 88)",'winter clear',52.73210405972621,"(194.0, 31.0, '90')",'winter deep',47.26789594027379,"(198.0, 31.0, '87')",https://www.wardahbeauty.com/id/product/make-up/wardah-long-lasting-lipstick?ref=https://www.wardahbeauty.com/id/product/list/make-up/sort/all?page=9
Wardah Long Lasting Lipstick,wardah,lip,Rapsberry Hip,#c42b60,"(196, 43, 96)",'autumn warm',71.46784547454584,"(156.0, 35.0, '53')",'summer cool ',28.532154525454157,"(152.0, 42.0, '85')",https://www.wardahbeauty.com/id/product/make-up/wardah-long-lasting-lipstick?ref=https://www.wardahbeauty.com/id/product/list/make-up/sort/all?page=9
Wardah Long Lasting Lipstick,wardah,lip,Red Velvet,#a61a39,"(166, 26, 57)",'autumn warm',74.75216704263244,"(156.0, 35.0, '53')",'summer cool ',25.247832957367578,"(152.0, 42.0, '85')",https://www.wardahbeauty.com/id/product/make-up/wardah-long-lasting-lipstick?ref=https://www.wardahbeauty.com/id/product/list/make-up/sort/all?page=9
Wardah Long Lasting Lipstick,wardah,lip,Vibrant Red,#a02e33,"(160, 46, 51)",'autumn warm',59.38502388788226,"(133.0, 67.0, '35')",'autumn deep',40.61497611211774,"(95.0, 46.0, '22')",https://www.wardahbeauty.com/id/product/make-up/wardah-long-lasting-lipstick?ref=https://www.wardahbeauty.com/id/product/list/make-up/sort/all?page=9
Wardah Long Lasting Lipstick,wardah,lip,Stylish Mocca,#7d2d28,"(125, 45, 40)",'autumn deep',62.8775378461637,"(95.0, 46.0, '22')",'autumn deep',37.1224621538363,"(89.0, 61.0, '56')",https://www.wardahbeauty.com/id/product/make-up/wardah-long-lasting-lipstick?ref=https://www.wardahbeauty.com/id/product/list/make-up/sort/all?page=9
Wardah Long Lasting Lipstick,wardah,lip,Cherrie Glam,#6d1821,"(109, 24, 33)",'autumn warm',68.14497449868446,"(156.0, 35.0, '53')",'summer cool ',31.855025501315538,"(152.0, 42.0, '85')",https://www.wardahbeauty.com/id/product/make-up/wardah-long-lasting-lipstick?ref=https://www.wardahbeauty.com/id/product/list/make-up/sort/all?page=9
Wardah Long Lasting Lipstick,wardah,lip,Lustrous Red,#951b3d,"(149, 27, 61)",'autumn soft',51.40031470066657,"(167.0, 85.0, '47')",'summer light',48.59968529933343,"(164.0, 104.0, '114')",https://www.wardahbeauty.com/id/product/make-up/wardah-long-lasting-lipstick?ref=https://www.wardahbeauty.com/id/product/list/make-up/sort/all?page=9
Wardah Long Lasting Lipstick,wardah,lip,Classic Brown,#ac5a51,"(172, 90, 81)",'winter clear',52.588312830953555,"(194.0, 31.0, '90')",'winter deep',47.411687169046445,"(198.0, 31.0, '87')",https://www.wardahbeauty.com/id/product/make-up/wardah-long-lasting-lipstick?ref=https://www.wardahbeauty.com/id/product/list/make-up/sort/all?page=9
Wardah Long Lasting Lipstick,wardah,lip,Violet Pink,#af1f4f,"(175, 31, 79)",'autumn warm',65.10259616875406,"(156.0, 35.0, '53')",'summer cool ',34.897403831245924,"(152.0, 42.0, '85')",https://www.wardahbeauty.com/id/product/make-up/wardah-long-lasting-lipstick?ref=https://www.wardahbeauty.com/id/product/list/make-up/sort/all?page=9
Wardah Long Lasting Lipstick,wardah,lip,Rouge Red,#8d1335,"(141, 19, 53)",'autumn warm',52.3201321514921,"(133.0, 67.0, '35')",'autumn warm',47.6798678485079,"(156.0, 35.0, '53')",https://www.wardahbeauty.com/id/product/make-up/wardah-long-lasting-lipstick?ref=https://www.wardahbeauty.com/id/product/list/make-up/sort/all?page=9
Wardah Long Lasting Lipstick,wardah,lip,Smooth Latte,#832d2f,"(131, 45, 47)",'autumn warm',54.510368753905716,"(156.0, 35.0, '53')",'autumn warm',45.489631246094284,"(199.0, 28.0, '0')",https://www.wardahbeauty.com/id/product/make-up/wardah-long-lasting-lipstick?ref=https://www.wardahbeauty.com/id/product/list/make-up/sort/all?page=9
Wardah Long Lasting Lipstick,wardah,lip,Passionate Red,#b80a29,"(184, 10, 41)",'autumn warm',71.97706697541703,"(156.0, 35.0, '53')",'autumn warm',28.02293302458295,"(133.0, 67.0, '35')",https://www.wardahbeauty.com/id/product/make-up/wardah-long-lasting-lipstick?ref=https://www.wardahbeauty.com/id/product/list/make-up/sort/all?page=9
Wardah Long Lasting Lipstick,wardah,lip,Sunset Orange,#9e2727,"(158, 39, 39)",'autumn soft',64.79980685683306,"(167.0, 85.0, '47')",'autumn warm',35.200193143166935,"(156.0, 35.0, '53')",https://www.wardahbeauty.com/id/product/make-up/wardah-long-lasting-lipstick?ref=https://www.wardahbeauty.com/id/product/list/make-up/sort/all?page=9
Wardah Long Lasting Lipstick,wardah,lip,Sunrise Nude,#a6453a,"(166, 69, 58)",'autumn soft',57.48500614115504,"(224.0, 134.0, '127')",'autumn warm',42.51499385884496,"(217.0, 159.0, '113')",https://www.wardahbeauty.com/id/product/make-up/wardah-long-lasting-lipstick?ref=https://www.wardahbeauty.com/id/product/list/make-up/sort/all?page=9
Wardah Exclusive Blush On,wardah,cheek,Rosy Pink,#d69495,"(214, 148, 149)",'autumn soft',54.92471498546825,"(224.0, 134.0, '127')",'spring light',45.07528501453175,"(255.0, 176.0, '146')",https://www.wardahbeauty.com/id/product/make-up/exclusive-blush-on?ref=https://www.wardahbeauty.com/id/product/list/make-up/sort/all?page=9
Wardah Exclusive Blush On,wardah,cheek,Coral Peach,#e59b90,"(229, 155, 144)",'summer soft',61.204065839647846,"(228.0, 106.0, '154')",'spring light',38.795934160352154,"(253.0, 107.0, '122')",https://www.wardahbeauty.com/id/product/make-up/exclusive-blush-on?ref=https://www.wardahbeauty.com/id/product/list/make-up/sort/all?page=9
Wardah Exclusive Matte Lipstik,wardah,lip,Pink,#f67599,"(246, 117, 153)",'winter deep',59.664288310118984,"(205.0, 52.0, '135')",'winter clear',40.335711689881016,"(255.0, 48.0, '151')",https://www.wardahbeauty.com/id/product/make-up/exclusive-matte-lipstick?ref=https://www.wardahbeauty.com/id/product/list/make-up/sort/all?page=9
Wardah Exclusive Matte Lipstik,wardah,lip,Magenta,#e24585,"(226, 69, 133)",'autumn warm',68.6586122816906,"(156.0, 35.0, '53')",'summer cool ',31.34138771830941,"(152.0, 42.0, '85')",https://www.wardahbeauty.com/id/product/make-up/exclusive-matte-lipstick?ref=https://www.wardahbeauty.com/id/product/list/make-up/sort/all?page=9
Wardah Exclusive Matte Lipstik,wardah,lip,Red,#af272f,"(175, 39, 47)",'summer cool ',52.215496695157725,"(208.0, 49.0, '79')",'autumn soft',47.78450330484228,"(167.0, 85.0, '47')",https://www.wardahbeauty.com/id/product/make-up/exclusive-matte-lipstick?ref=https://www.wardahbeauty.com/id/product/list/make-up/sort/all?page=9
Wardah Exclusive Matte Lipstik,wardah,lip,Orange,#c63527,"(198, 53, 39)",'spring light',51.83326932869987,"(253.0, 107.0, '122')",'spring warm',48.16673067130013,"(255.0, 143.0, '114')",https://www.wardahbeauty.com/id/product/make-up/exclusive-matte-lipstick?ref=https://www.wardahbeauty.com/id/product/list/make-up/sort/all?page=9
Wardah Exclusive Matte Lipstik,wardah,lip,Peach,#ff808b,"(255, 128, 139)",'autumn warm',61.603324153927176,"(156.0, 35.0, '53')",'summer cool ',38.39667584607284,"(152.0, 42.0, '85')",https://www.wardahbeauty.com/id/product/make-up/exclusive-matte-lipstick?ref=https://www.wardahbeauty.com/id/product/list/make-up/sort/all?page=9
Wardah Exclusive Matte Lipstik,wardah,lip,Dark Red,#a4343a,"(164, 52, 58)",'autumn warm',54.5183925990893,"(156.0, 35.0, '53')",'winter deep',45.4816074009107,"(198.0, 31.0, '87')",https://www.wardahbeauty.com/id/product/make-up/exclusive-matte-lipstick?ref=https://www.wardahbeauty.com/id/product/list/make-up/sort/all?page=9
Wardah Exclusive Matte Lipstik,wardah,lip,True Red,#ba0c2f,"(186, 12, 47)",'autumn warm',73.94713178218339,"(156.0, 35.0, '53')",'summer cool ',26.052868217816616,"(152.0, 42.0, '85')",https://www.wardahbeauty.com/id/product/make-up/exclusive-matte-lipstick?ref=https://www.wardahbeauty.com/id/product/list/make-up/sort/all?page=9
Wardah Exclusive Matte Lipstik,wardah,lip,Maroon,#a6192e,"(166, 25, 46)",'summer light',58.46661079858138,"(164.0, 104.0, '114')",'summer soft',41.53338920141862,"(177.0, 89.0, '123')",https://www.wardahbeauty.com/id/product/make-up/exclusive-matte-lipstick?ref=https://www.wardahbeauty.com/id/product/list/make-up/sort/all?page=9
Wardah Exclusive Matte Lipstik,wardah,lip,Cocoa Look,#9f5c5c,"(159, 92, 92)",'autumn warm',60.9425311651198,"(218.0, 103.0, '85')",'summer cool ',39.0574688348802,"(208.0, 49.0, '79')",https://www.wardahbeauty.com/id/product/make-up/exclusive-matte-lipstick?ref=https://www.wardahbeauty.com/id/product/list/make-up/sort/all?page=9
Wardah Exclusive Matte Lipstik,wardah,lip,Summer Pink,#cd545b,"(205, 84, 91)",'autumn soft',53.10157161523229,"(167.0, 85.0, '47')",'autumn warm',46.89842838476771,"(218.0, 103.0, '85')",https://www.wardahbeauty.com/id/product/make-up/exclusive-matte-lipstick?ref=https://www.wardahbeauty.com/id/product/list/make-up/sort/all?page=9
Wardah Exclusive Matte Lipstik,wardah,lip,Gorgeous Pink,#b6594e,"(182, 89, 78)",'summer light',71.02769201135902,"(164.0, 104.0, '114')",'summer soft',28.972307988640978,"(177.0, 89.0, '123')",https://www.wardahbeauty.com/id/product/make-up/exclusive-matte-lipstick?ref=https://www.wardahbeauty.com/id/product/list/make-up/sort/all?page=9
Wardah Exclusive Matte Lipstik,wardah,lip,Rosy Pink,#a56469,"(165, 100, 105)",'summer soft',54.00719745280676,"(228.0, 106.0, '154')",'spring light',45.99280254719324,"(253.0, 107.0, '122')",https://www.wardahbeauty.com/id/product/make-up/exclusive-matte-lipstick?ref=https://www.wardahbeauty.com/id/product/list/make-up/sort/all?page=9
Exclusive Moist Lipstick,wardah,lip,Pink Pearl,#e56284,"(229, 98, 132)",'summer soft',51.250782228091055,"(228.0, 106.0, '154')",'spring light',48.749217771908945,"(253.0, 107.0, '122')",https://www.wardahbeauty.com/id/product/make-up/exclusive-moist-lipstick?ref=https://www.wardahbeauty.com/id/product/list/make-up/sort/all?page=10
Exclusive Moist Lipstick,wardah,lip,Pink Orchid ,#e95485,"(233, 84, 133)",'autumn warm',54.5183925990893,"(156.0, 35.0, '53')",'winter deep',45.4816074009107,"(198.0, 31.0, '87')",https://www.wardahbeauty.com/id/product/make-up/exclusive-moist-lipstick?ref=https://www.wardahbeauty.com/id/product/list/make-up/sort/all?page=10
Exclusive Moist Lipstick,wardah,lip,Ruby Red,#ba0c2f,"(186, 12, 47)",'summer cool ',59.833582198273646,"(208.0, 49.0, '79')",'autumn soft',40.166417801726354,"(167.0, 85.0, '47')",https://www.wardahbeauty.com/id/product/make-up/exclusive-moist-lipstick?ref=https://www.wardahbeauty.com/id/product/list/make-up/sort/all?page=10
Exclusive Moist Lipstick,wardah,lip,Mango,#c34342,"(195, 67, 66)",'summer soft',62.34407451948813,"(228.0, 106.0, '154')",'summer soft',37.655925480511854,"(197.0, 121.0, '125')",https://www.wardahbeauty.com/id/product/make-up/exclusive-moist-lipstick?ref=https://www.wardahbeauty.com/id/product/list/make-up/sort/all?page=10
Exclusive Moist Lipstick,wardah,lip,Lavender,#d6618e,"(214, 97, 142)",'autumn warm',53.71841491392239,"(218.0, 103.0, '85')",'spring warm',46.28158508607761,"(251.0, 95.0, '87')",https://www.wardahbeauty.com/id/product/make-up/exclusive-moist-lipstick?ref=https://www.wardahbeauty.com/id/product/list/make-up/sort/all?page=10
Exclusive Moist Lipstick,wardah,lip,Golden Coral,#e5554f,"(229, 85, 79)",'autumn soft',63.30076774990573,"(167.0, 85.0, '47')",'summer cool ',36.69923225009427,"(152.0, 42.0, '85')",https://www.wardahbeauty.com/id/product/make-up/exclusive-moist-lipstick?ref=https://www.wardahbeauty.com/id/product/list/make-up/sort/all?page=10
Exclusive Moist Lipstick,wardah,lip,Sheer Brown,#a45248,"(164, 82, 72)",'winter cool',50.20298034108408,"(134.0, 42.0, '91')",'summer cool ',49.79701965891592,"(152.0, 42.0, '85')",https://www.wardahbeauty.com/id/product/make-up/exclusive-moist-lipstick?ref=https://www.wardahbeauty.com/id/product/list/make-up/sort/all?page=10
Exclusive Moist Lipstick,wardah,lip,Great Berry,#893c47,"(137, 60, 71)",'autumn warm',66.83624096946895,"(218.0, 103.0, '85')",'summer soft',33.16375903053107,"(197.0, 121.0, '125')",https://www.wardahbeauty.com/id/product/make-up/exclusive-moist-lipstick?ref=https://www.wardahbeauty.com/id/product/list/make-up/sort/all?page=10
Exclusive Moist Lipstick,wardah,lip,Sugary Pink,#d66965,"(214, 105, 101)",'autumn soft',54.97802096439873,"(224.0, 134.0, '127')",'spring warm',45.02197903560127,"(255.0, 143.0, '114')",https://www.wardahbeauty.com/id/product/make-up/exclusive-moist-lipstick?ref=https://www.wardahbeauty.com/id/product/list/make-up/sort/all?page=10
Exclusive Moist Lipstick,wardah,lip,Charming Red,#f2827f,"(242, 130, 127)",'autumn warm',68.8404382347875,"(156.0, 35.0, '53')",'autumn warm',31.159561765212494,"(133.0, 67.0, '35')",https://www.wardahbeauty.com/id/product/make-up/exclusive-moist-lipstick?ref=https://www.wardahbeauty.com/id/product/list/make-up/sort/all?page=10
Exclusive Moist Lipstick,wardah,lip,Magnificent Red,#8f2831,"(143, 40, 49)",'summer soft',51.444835156403656,"(177.0, 89.0, '123')",'summer cool ',48.55516484359635,"(152.0, 42.0, '85')",https://www.wardahbeauty.com/id/product/make-up/exclusive-moist-lipstick?ref=https://www.wardahbeauty.com/id/product/list/make-up/sort/all?page=10
Exclusive Moist Lipstick,wardah,lip,Chic Magenta,#a54565,"(165, 69, 101)",'autumn warm',57.171478106676666,"(218.0, 103.0, '85')",'summer soft',42.828521893323334,"(197.0, 121.0, '125')",https://www.wardahbeauty.com/id/product/make-up/exclusive-moist-lipstick?ref=https://www.wardahbeauty.com/id/product/list/make-up/sort/all?page=10
Intense Matte Lipstick,wardah,lip,Socialite Peach,#cf6a67,"(207, 106, 103)",'summer soft',77.52926778770933,"(197.0, 121.0, '125')",'summer soft',22.470732212290677,"(177.0, 89.0, '123')",https://www.wardahbeauty.com/id/product/make-up/intense-matte-lipstick?ref=https://www.wardahbeauty.com/id/product/list/make-up/sort/all?page=10
Intense Matte Lipstick,wardah,lip,Blushing Nude,#c2717d,"(194, 113, 125)",'autumn soft',58.38659125660992,"(224.0, 134.0, '127')",'summer soft',41.61340874339009,"(197.0, 121.0, '125')",https://www.wardahbeauty.com/id/product/make-up/intense-matte-lipstick?ref=https://www.wardahbeauty.com/id/product/list/make-up/sort/all?page=10
Intense Matte Lipstick,wardah,lip,Peach Perfect,#d28f8c,"(210, 143, 140)",'summer soft',59.309282635509305,"(197.0, 121.0, '125')",'summer light',40.690717364490695,"(164.0, 104.0, '114')",https://www.wardahbeauty.com/id/product/make-up/intense-matte-lipstick?ref=https://www.wardahbeauty.com/id/product/list/make-up/sort/all?page=10
Intense Matte Lipstick,wardah,lip,Mauve Mellow,#b18280,"(177, 130, 128)",'summer light',61.36237153659917,"(164.0, 104.0, '114')",'summer soft',38.637628463400844,"(177.0, 89.0, '123')",https://www.wardahbeauty.com/id/product/make-up/intense-matte-lipstick?ref=https://www.wardahbeauty.com/id/product/list/make-up/sort/all?page=10
Intense Matte Lipstick,wardah,lip,Easy Brownie,#b26f6d,"(178, 111, 109)",'summer light',55.629732070465145,"(164.0, 104.0, '114')",'summer soft',44.37026792953485,"(177.0, 89.0, '123')",https://www.wardahbeauty.com/id/product/make-up/intense-matte-lipstick?ref=https://www.wardahbeauty.com/id/product/list/make-up/sort/all?page=10
Intense Matte Lipstick,wardah,lip,Blooming Pink,#b4686c,"(180, 104, 108)",'summer soft',63.11741814288192,"(177.0, 89.0, '123')",'summer light',36.88258185711807,"(164.0, 104.0, '114')",https://www.wardahbeauty.com/id/product/make-up/intense-matte-lipstick?ref=https://www.wardahbeauty.com/id/product/list/make-up/sort/all?page=10
Intense Matte Lipstick,wardah,lip,Passionate Pink,#af4a70,"(175, 74, 112)",'summer cool ',50.0,"(152.0, 42.0, '85')",'winter deep',50.0,"(152.0, 42.0, '85')",https://www.wardahbeauty.com/id/product/make-up/intense-matte-lipstick?ref=https://www.wardahbeauty.com/id/product/list/make-up/sort/all?page=10
Intense Matte Lipstick,wardah,lip,Retro Red,#aa4956,"(170, 73, 86)",'summer cool ',50.0,"(152.0, 42.0, '85')",'winter deep',50.0,"(152.0, 42.0, '85')",https://www.wardahbeauty.com/id/product/make-up/intense-matte-lipstick?ref=https://www.wardahbeauty.com/id/product/list/make-up/sort/all?page=10
Intense Matte Lipstick,wardah,lip,Vibrant Red,#8e4353,"(142, 67, 83)",'summer cool ',50.0,"(152.0, 42.0, '85')",'winter deep',50.0,"(152.0, 42.0, '85')",https://www.wardahbeauty.com/id/product/make-up/intense-matte-lipstick?ref=https://www.wardahbeauty.com/id/product/list/make-up/sort/all?page=10
Intense Matte Lipstick,wardah,lip,Miss Terracotta,#994d5c,"(153, 77, 92)",'autumn deep',55.14894897586808,"(89.0, 61.0, '56')",'autumn warm',44.85105102413192,"(133.0, 67.0, '35')",https://www.wardahbeauty.com/id/product/make-up/intense-matte-lipstick?ref=https://www.wardahbeauty.com/id/product/list/make-up/sort/all?page=10
Intense Matte Lipstick,wardah,lip,Choco Town,#733e3e,"(115, 62, 62)",'winter cool',55.92833956808061,"(134.0, 42.0, '91')",'summer cool ',44.07166043191939,"(152.0, 42.0, '85')",https://www.wardahbeauty.com/id/product/make-up/intense-matte-lipstick?ref=https://www.wardahbeauty.com/id/product/list/make-up/sort/all?page=10
Intense Matte Lipstick,wardah,lip,Lady Burgundy,#7f414e,"(127, 65, 78)",'summer light',70.78592858751279,"(164.0, 104.0, '114')",'summer soft',29.21407141248722,"(177.0, 89.0, '123')",https://www.wardahbeauty.com/id/product/make-up/intense-matte-lipstick?ref=https://www.wardahbeauty.com/id/product/list/make-up/sort/all?page=10
Intense Matte Lipstick,wardah,lip,Yummy Brownie,#ac6d70,"(172, 109, 112)",'summer soft',69.66491691387984,"(197.0, 121.0, '125')",'summer soft',30.33508308612015,"(177.0, 89.0, '123')",https://www.wardahbeauty.com/id/product/make-up/intense-matte-lipstick?ref=https://www.wardahbeauty.com/id/product/list/make-up/sort/all?page=10
Intense Matte Lipstick,wardah,lip,Active Cerise,#c46d7e,"(196, 109, 126)",'winter cool',59.102766149533835,"(134.0, 42.0, '91')",'autumn deep',40.897233850466165,"(89.0, 61.0, '56')",https://www.wardahbeauty.com/id/product/make-up/intense-matte-lipstick?ref=https://www.wardahbeauty.com/id/product/list/make-up/sort/all?page=10
Intense Matte Lipstick,wardah,lip,Out of Red,#762e48,"(118, 46, 72)",'autumn warm',64.72473834071614,"(133.0, 67.0, '35')",'autumn warm',35.27526165928386,"(156.0, 35.0, '53')",https://www.wardahbeauty.com/id/product/make-up/intense-matte-lipstick?ref=https://www.wardahbeauty.com/id/product/list/make-up/sort/all?page=10
Intense Matte Lipstick,wardah,lip,Pecan Pie,#86362d,"(134, 54, 45)",'summer soft',54.00844102858273,"(197.0, 121.0, '125')",'autumn soft',45.991558971417255,"(224.0, 134.0, '127')",https://www.wardahbeauty.com/id/product/make-up/intense-matte-lipstick?ref=https://www.wardahbeauty.com/id/product/list/make-up/sort/all?page=10
Wardah Colorfit Velvet Matte Lip Mousse,wardah,lip,Brown Dreamer,#C38D96,"(195, 141, 150)",'spring warm',75.0488600178539,"(255.0, 143.0, '114')",'spring light',24.95113998214609,"(253.0, 107.0, '122')",https://www.wardahbeauty.com/id/product/make-up/colorfit-velvet-matte-lip-mousse?ref=https://www.wardahbeauty.com/id/product/list/make-up/sort/all?page=10
Wardah Colorfit Velvet Matte Lip Mousse,wardah,lip,Joyful Orange,#ff8674,"(255, 134, 116)",'summer soft',65.9076190974599,"(197.0, 121.0, '125')",'autumn soft',34.09238090254011,"(224.0, 134.0, '127')",https://www.wardahbeauty.com/id/product/make-up/colorfit-velvet-matte-lip-mousse?ref=https://www.wardahbeauty.com/id/product/list/make-up/sort/all?page=10
Wardah Colorfit Velvet Matte Lip Mousse,wardah,lip,Rose Ballerina,#cf6f77,"(207, 111, 119)",'summer soft',52.60500766543708,"(177.0, 89.0, '123')",'summer light',47.39499233456292,"(164.0, 104.0, '114')",https://www.wardahbeauty.com/id/product/make-up/colorfit-velvet-matte-lip-mousse?ref=https://www.wardahbeauty.com/id/product/list/make-up/sort/all?page=10
Wardah Colorfit Velvet Matte Lip Mousse,wardah,lip,Pink Sweetheart,#b04a5a,"(176, 74, 90)",'autumn soft',50.46940020487875,"(167.0, 85.0, '47')",'summer light',49.53059979512125,"(164.0, 104.0, '114')",https://www.wardahbeauty.com/id/product/make-up/colorfit-velvet-matte-lip-mousse?ref=https://www.wardahbeauty.com/id/product/list/make-up/sort/all?page=10
Wardah Colorfit Velvet Matte Lip Mousse,wardah,lip,Artisan Mauve,#a75154,"(167, 81, 84)",'summer soft',51.548245665893575,"(177.0, 89.0, '123')",'autumn warm',48.45175433410641,"(218.0, 103.0, '85')",https://www.wardahbeauty.com/id/product/make-up/colorfit-velvet-matte-lip-mousse?ref=https://www.wardahbeauty.com/id/product/list/make-up/sort/all?page=10
Wardah Colorfit Velvet Matte Lip Mousse,wardah,lip,Fuchsia Lover,#c55264,"(197, 82, 100)",'summer cool ',58.84789967624424,"(208.0, 49.0, '79')",'autumn soft',41.15210032375575,"(167.0, 85.0, '47')",https://www.wardahbeauty.com/id/product/make-up/colorfit-velvet-matte-lip-mousse?ref=https://www.wardahbeauty.com/id/product/list/make-up/sort/all?page=10
Wardah Colorfit Velvet Matte Lip Mousse,wardah,lip,Red Pioneer,#bc3e44,"(188, 62, 68)",'summer light',55.2461768000237,"(164.0, 104.0, '114')",'autumn soft',44.7538231999763,"(167.0, 85.0, '47')",https://www.wardahbeauty.com/id/product/make-up/colorfit-velvet-matte-lip-mousse?ref=https://www.wardahbeauty.com/id/product/list/make-up/sort/all?page=10
Wardah Colorfit Velvet Matte Lip Mousse,wardah,lip,Brown Creator,#9f5f54,"(159, 95, 84)",'autumn warm',56.01652959277925,"(217.0, 159.0, '113')",'autumn soft',43.98347040722077,"(224.0, 134.0, '127')",https://www.wardahbeauty.com/id/product/make-up/colorfit-velvet-matte-lip-mousse?ref=https://www.wardahbeauty.com/id/product/list/make-up/sort/all?page=10
Wardah Colorfit Velvet Matte Lip Mousse,wardah,lip,Ombre Charmer,#e19372,"(225, 147, 114)",'autumn warm',61.88931441599084,"(218.0, 103.0, '85')",'autumn soft',38.11068558400916,"(231.0, 113.0, '59')",https://www.wardahbeauty.com/id/product/make-up/colorfit-velvet-matte-lip-mousse?ref=https://www.wardahbeauty.com/id/product/list/make-up/sort/all?page=10
Wardah Colorfit Velvet Matte Lip Mousse,wardah,lip,Lively Coral,#d95a48,"(217, 90, 72)",'autumn warm',57.63590558638367,"(218.0, 103.0, '85')",'summer cool ',42.36409441361633,"(208.0, 49.0, '79')",https://www.wardahbeauty.com/id/product/make-up/colorfit-velvet-matte-lip-mousse?ref=https://www.wardahbeauty.com/id/product/list/make-up/sort/all?page=10
Wardah Colorfit Velvet Matte Lip Mousse,wardah,lip,Cherish Marmalade,#d05349,"(208, 83, 73)",'autumn soft',54.77163012199604,"(167.0, 85.0, '47')",'summer cool ',45.22836987800396,"(208.0, 49.0, '79')",https://www.wardahbeauty.com/id/product/make-up/colorfit-velvet-matte-lip-mousse?ref=https://www.wardahbeauty.com/id/product/list/make-up/sort/all?page=10
Wardah Colorfit Velvet Matte Lip Mousse,wardah,lip,Chic Terracota,#bc3f33,"(188, 63, 51)",'autumn soft',65.82575264657015,"(167.0, 85.0, '47')",'autumn warm',34.174247353429855,"(218.0, 103.0, '85')",https://www.wardahbeauty.com/id/product/make-up/colorfit-velvet-matte-lip-mousse?ref=https://www.wardahbeauty.com/id/product/list/make-up/sort/all?page=10
Wardah Colorfit Velvet Matte Lip Mousse,wardah,lip,Sweet Cinnamon,#b05a45,"(176, 90, 69)",'autumn soft',75.86469332144519,"(167.0, 85.0, '47')",'spring warm',24.135306678554812,"(144.0, 76.0, '25')",https://www.wardahbeauty.com/id/product/make-up/colorfit-velvet-matte-lip-mousse?ref=https://www.wardahbeauty.com/id/product/list/make-up/sort/all?page=10
Wardah Colorfit Velvet Matte Lip Mousse,wardah,lip, Dainty Caramel,#a9583d,"(169, 88, 61)",nan,,"(nan, nan, nan)",nan,,"(nan, nan, nan)",https://www.wardahbeauty.com/id/product/make-up/colorfit-velvet-matte-lip-mousse?ref=https://www.wardahbeauty.com/id/product/list/make-up/sort/all?page=10
