Product Title,Variant Name,Color HEX,Product URL
Instant Age Rewind®,110,#fbe0bf,https://www.maybelline.com/face-makeup/foundation-makeup/instant-age-rewind-eraser-treatment-makeup?variant=225
Instant Age Rewind®,112,#fed4b2,https://www.maybelline.com/face-makeup/foundation-makeup/instant-age-rewind-eraser-treatment-makeup?variant=225
Instant Age Rewind®,118,#f8d4af,https://www.maybelline.com/face-makeup/foundation-makeup/instant-age-rewind-eraser-treatment-makeup?variant=225
Instant Age Rewind®,120,#f5c19b,https://www.maybelline.com/face-makeup/foundation-makeup/instant-age-rewind-eraser-treatment-makeup?variant=225
Instant Age Rewind®,130,#f6c89a,https://www.maybelline.com/face-makeup/foundation-makeup/instant-age-rewind-eraser-treatment-makeup?variant=225
Instant Age Rewind®,150,#f3c49e,https://www.maybelline.com/face-makeup/foundation-makeup/instant-age-rewind-eraser-treatment-makeup?variant=225
Instant Age Rewind®,190,#e0aa86,https://www.maybelline.com/face-makeup/foundation-makeup/instant-age-rewind-eraser-treatment-makeup?variant=225
Instant Age Rewind®,200,#f3c190,https://www.maybelline.com/face-makeup/foundation-makeup/instant-age-rewind-eraser-treatment-makeup?variant=225
Instant Age Rewind®,210,#edb377,https://www.maybelline.com/face-makeup/foundation-makeup/instant-age-rewind-eraser-treatment-makeup?variant=225
Instant Age Rewind®,225,#e1af77,https://www.maybelline.com/face-makeup/foundation-makeup/instant-age-rewind-eraser-treatment-makeup?variant=225
Instant Age Rewind®,300,#e29d74,https://www.maybelline.com/face-makeup/foundation-makeup/instant-age-rewind-eraser-treatment-makeup?variant=225
Instant Age Rewind®,310,#e7a264,https://www.maybelline.com/face-makeup/foundation-makeup/instant-age-rewind-eraser-treatment-makeup?variant=225
Instant Age Rewind®,330,#ca854a,https://www.maybelline.com/face-makeup/foundation-makeup/instant-age-rewind-eraser-treatment-makeup?variant=225
Instant Age Rewind®,340,#bd7b44,https://www.maybelline.com/face-makeup/foundation-makeup/instant-age-rewind-eraser-treatment-makeup?variant=225
Instant Age Rewind®,355,#a36636,https://www.maybelline.com/face-makeup/foundation-makeup/instant-age-rewind-eraser-treatment-makeup?variant=225
Instant Age Rewind®,360,#89512a,https://www.maybelline.com/face-makeup/foundation-makeup/instant-age-rewind-eraser-treatment-makeup?variant=225
Super Stay 24®,Everlasting Wine,#912030,https://www.maybelline.com/lip-makeup/lipstick/superstay-24-liquid-lipstick?variant=Everlasting+Wine
Super Stay 24®,All Day Cherry,#b22b40,https://www.maybelline.com/lip-makeup/lipstick/superstay-24-liquid-lipstick?variant=Everlasting+Wine
Super Stay 24®,Continuous Coral,#de5168,https://www.maybelline.com/lip-makeup/lipstick/superstay-24-liquid-lipstick?variant=Everlasting+Wine
Super Stay 24®,Keep Up The Flame,#bd1f3e,https://www.maybelline.com/lip-makeup/lipstick/superstay-24-liquid-lipstick?variant=Everlasting+Wine
Super Stay 24®,Keep It Red,#ba1c58,https://www.maybelline.com/lip-makeup/lipstick/superstay-24-liquid-lipstick?variant=Everlasting+Wine
Super Stay 24®,Wear On Wildberry,#be5c76,https://www.maybelline.com/lip-makeup/lipstick/superstay-24-liquid-lipstick?variant=Everlasting+Wine
Super Stay 24®,Unlimited Raisin,#8c324f,https://www.maybelline.com/lip-makeup/lipstick/superstay-24-liquid-lipstick?variant=Everlasting+Wine
Super Stay 24®,Perpetual Plum,#d06b85,https://www.maybelline.com/lip-makeup/lipstick/superstay-24-liquid-lipstick?variant=Everlasting+Wine
Super Stay 24®,On And On Orchid,#a9416e,https://www.maybelline.com/lip-makeup/lipstick/superstay-24-liquid-lipstick?variant=Everlasting+Wine
Super Stay 24®,Infinite Petal,#cf7895,https://www.maybelline.com/lip-makeup/lipstick/superstay-24-liquid-lipstick?variant=Everlasting+Wine
Super Stay 24®,Timeless Rose,#be5a80,https://www.maybelline.com/lip-makeup/lipstick/superstay-24-liquid-lipstick?variant=Everlasting+Wine
Super Stay 24®,Very Cranberry,#ca507b,https://www.maybelline.com/lip-makeup/lipstick/superstay-24-liquid-lipstick?variant=Everlasting+Wine
Super Stay 24®,Blush On,#f26896,https://www.maybelline.com/lip-makeup/lipstick/superstay-24-liquid-lipstick?variant=Everlasting+Wine
Super Stay 24®,So Pearly Pink,#f7a1ac,https://www.maybelline.com/lip-makeup/lipstick/superstay-24-liquid-lipstick?variant=Everlasting+Wine
Super Stay 24®,Forever Chestnut,#ae5c61,https://www.maybelline.com/lip-makeup/lipstick/superstay-24-liquid-lipstick?variant=Everlasting+Wine
Super Stay 24®,Always Heather,#a85051,https://www.maybelline.com/lip-makeup/lipstick/superstay-24-liquid-lipstick?variant=Everlasting+Wine
Super Stay 24®,Constant Toast,#d49690,https://www.maybelline.com/lip-makeup/lipstick/superstay-24-liquid-lipstick?variant=Everlasting+Wine
Super Stay 24®,More and More Mocha,#b16b5e,https://www.maybelline.com/lip-makeup/lipstick/superstay-24-liquid-lipstick?variant=Everlasting+Wine
Super Stay 24®,Constant Cocoa,#874452,https://www.maybelline.com/lip-makeup/lipstick/superstay-24-liquid-lipstick?variant=Everlasting+Wine
Super Stay 24®,Timeless Toffee,#e09392,https://www.maybelline.com/lip-makeup/lipstick/superstay-24-liquid-lipstick?variant=Everlasting+Wine
Super Stay 24®,Eternal Cherry,#b12837,https://www.maybelline.com/lip-makeup/lipstick/superstay-24-liquid-lipstick?variant=Everlasting+Wine
Super Stay 24®,Steady Red-Y,#de4048,https://www.maybelline.com/lip-makeup/lipstick/superstay-24-liquid-lipstick?variant=Everlasting+Wine
Super Stay 24®,Pink Goes On,#da507b,https://www.maybelline.com/lip-makeup/lipstick/superstay-24-liquid-lipstick?variant=Everlasting+Wine
Super Stay 24®,24/7 Fuschia,#a4274e,https://www.maybelline.com/lip-makeup/lipstick/superstay-24-liquid-lipstick?variant=Everlasting+Wine
Super Stay 24®,All Day Plum,#642d5f,https://www.maybelline.com/lip-makeup/lipstick/superstay-24-liquid-lipstick?variant=Everlasting+Wine
Super Stay 24®,All Night Apricot,#d97f7e,https://www.maybelline.com/lip-makeup/lipstick/superstay-24-liquid-lipstick?variant=Everlasting+Wine
Super Stay 24®,Firmly Mauve,#884a5f,https://www.maybelline.com/lip-makeup/lipstick/superstay-24-liquid-lipstick?variant=Everlasting+Wine
Super Stay 24®,Stay Scarlet,#993c5b,https://www.maybelline.com/lip-makeup/lipstick/superstay-24-liquid-lipstick?variant=Everlasting+Wine
Super Stay 24®,Relentless Ruby,#781a3e,https://www.maybelline.com/lip-makeup/lipstick/superstay-24-liquid-lipstick?variant=Everlasting+Wine
Super Stay 24®,Merlot Armour,#531c2f,https://www.maybelline.com/lip-makeup/lipstick/superstay-24-liquid-lipstick?variant=Everlasting+Wine
Super Stay 24®,Endless Espresso,#6f352a,https://www.maybelline.com/lip-makeup/lipstick/superstay-24-liquid-lipstick?variant=Everlasting+Wine
Baby Lips® Lip Makeup,Pink Quartz,#ff4ca5,https://www.maybelline.com/lip-makeup/lip-balm/baby-lips-lip-makeup-crystal-moisturizing-lip-balm?variant=Pink+Quartz
Sunkisser,Electric Bronze,#B16539,https://www.maybelline.com/face-makeup/blush-and-bronzer/sunkisser-multi-use-liquid-blush-and-bronzer?variant=Sol+Search
Sunkisser,Shades On,#D77D66,https://www.maybelline.com/face-makeup/blush-and-bronzer/sunkisser-multi-use-liquid-blush-and-bronzer?variant=Sol+Search
Sunkisser,Downtown Rush,#E28562,https://www.maybelline.com/face-makeup/blush-and-bronzer/sunkisser-multi-use-liquid-blush-and-bronzer?variant=Sol+Search
Sunkisser,Summer in the City,#C86C43,https://www.maybelline.com/face-makeup/blush-and-bronzer/sunkisser-multi-use-liquid-blush-and-bronzer?variant=Sol+Search
Sunkisser,City Sizzle,#CC504E,https://www.maybelline.com/face-makeup/blush-and-bronzer/sunkisser-multi-use-liquid-blush-and-bronzer?variant=Sol+Search
Sunkisser,Blazing Blush,#FF94A8,https://www.maybelline.com/face-makeup/blush-and-bronzer/sunkisser-multi-use-liquid-blush-and-bronzer?variant=Sol+Search
Sunkisser,Sun Tempt,#E8895F,https://www.maybelline.com/face-makeup/blush-and-bronzer/sunkisser-multi-use-liquid-blush-and-bronzer?variant=Sol+Search
Sunkisser,Uptown Glow,#FF9175,https://www.maybelline.com/face-makeup/blush-and-bronzer/sunkisser-multi-use-liquid-blush-and-bronzer?variant=Sol+Search
Sunkisser,Sol Search,#E8856D,https://www.maybelline.com/face-makeup/blush-and-bronzer/sunkisser-multi-use-liquid-blush-and-bronzer?variant=Sol+Search
Sunkisser,Rooftop Views,#F3872F,https://www.maybelline.com/face-makeup/blush-and-bronzer/sunkisser-multi-use-liquid-blush-and-bronzer?variant=Sol+Search
Super Stay® Up to 24HR Skin Tint ,102,#fbe1d0,https://www.maybelline.com/face-makeup/foundation-makeup/super-stay-24hr-skin-tint-with-vitamin-c?variant=129
Super Stay® Up to 24HR Skin Tint ,110,#fae0c9,https://www.maybelline.com/face-makeup/foundation-makeup/super-stay-24hr-skin-tint-with-vitamin-c?variant=129
Super Stay® Up to 24HR Skin Tint ,112,#f7cfb9,https://www.maybelline.com/face-makeup/foundation-makeup/super-stay-24hr-skin-tint-with-vitamin-c?variant=129
Super Stay® Up to 24HR Skin Tint ,118,#f5d4b8,https://www.maybelline.com/face-makeup/foundation-makeup/super-stay-24hr-skin-tint-with-vitamin-c?variant=129
Super Stay® Up to 24HR Skin Tint ,120,#f0c8ac,https://www.maybelline.com/face-makeup/foundation-makeup/super-stay-24hr-skin-tint-with-vitamin-c?variant=129
Super Stay® Up to 24HR Skin Tint ,129,#e3b198,https://www.maybelline.com/face-makeup/foundation-makeup/super-stay-24hr-skin-tint-with-vitamin-c?variant=129
Super Stay® Up to 24HR Skin Tint ,130,#e9b094,https://www.maybelline.com/face-makeup/foundation-makeup/super-stay-24hr-skin-tint-with-vitamin-c?variant=129
Super Stay® Up to 24HR Skin Tint ,220,#dfb189,https://www.maybelline.com/face-makeup/foundation-makeup/super-stay-24hr-skin-tint-with-vitamin-c?variant=129
Super Stay® Up to 24HR Skin Tint ,310,#e7b68d,https://www.maybelline.com/face-makeup/foundation-makeup/super-stay-24hr-skin-tint-with-vitamin-c?variant=129
Super Stay® Up to 24HR Skin Tint ,312,#e0aa78,https://www.maybelline.com/face-makeup/foundation-makeup/super-stay-24hr-skin-tint-with-vitamin-c?variant=129
Super Stay® Up to 24HR Skin Tint ,322,#e9b085,https://www.maybelline.com/face-makeup/foundation-makeup/super-stay-24hr-skin-tint-with-vitamin-c?variant=129
Super Stay® Up to 24HR Skin Tint ,330,#dfa575,https://www.maybelline.com/face-makeup/foundation-makeup/super-stay-24hr-skin-tint-with-vitamin-c?variant=129
Super Stay® Up to 24HR Skin Tint ,338,#cb8e64,https://www.maybelline.com/face-makeup/foundation-makeup/super-stay-24hr-skin-tint-with-vitamin-c?variant=129
Super Stay® Up to 24HR Skin Tint ,355,#bf7a4a,https://www.maybelline.com/face-makeup/foundation-makeup/super-stay-24hr-skin-tint-with-vitamin-c?variant=129
Super Stay® Up to 24HR Skin Tint ,368,#a26843,https://www.maybelline.com/face-makeup/foundation-makeup/super-stay-24hr-skin-tint-with-vitamin-c?variant=129
Super Stay® Up to 24HR Skin Tint ,372,#87553e,https://www.maybelline.com/face-makeup/foundation-makeup/super-stay-24hr-skin-tint-with-vitamin-c?variant=129
Super Stay® Up to 24HR Skin Tint ,374,#4e2b1d,https://www.maybelline.com/face-makeup/foundation-makeup/super-stay-24hr-skin-tint-with-vitamin-c?variant=129
Super Stay® Up to 24HR Skin Tint ,375,#593428,https://www.maybelline.com/face-makeup/foundation-makeup/super-stay-24hr-skin-tint-with-vitamin-c?variant=129
Super Stay® Up To 24Hr,102,#ffeee0,https://www.maybelline.com/face-makeup/powder/super-stay-powder-foundation?variant=118
Super Stay® Up To 24Hr,110,#ffe8cf,https://www.maybelline.com/face-makeup/powder/super-stay-powder-foundation?variant=118
Super Stay® Up To 24Hr,112,#fee1cc,https://www.maybelline.com/face-makeup/powder/super-stay-powder-foundation?variant=118
Super Stay® Up To 24Hr,118,#fddebc,https://www.maybelline.com/face-makeup/powder/super-stay-powder-foundation?variant=118
Super Stay® Up To 24Hr,120,#fbd9bb,https://www.maybelline.com/face-makeup/powder/super-stay-powder-foundation?variant=118
Super Stay® Up To 24Hr,128,#fcd2ad,https://www.maybelline.com/face-makeup/powder/super-stay-powder-foundation?variant=118
Super Stay® Up To 24Hr,130,#ffc9a0,https://www.maybelline.com/face-makeup/powder/super-stay-powder-foundation?variant=118
Super Stay® Up To 24Hr,220,#f6c79a,https://www.maybelline.com/face-makeup/powder/super-stay-powder-foundation?variant=118
Super Stay® Up To 24Hr,310,#f4ba83,https://www.maybelline.com/face-makeup/powder/super-stay-powder-foundation?variant=118
Super Stay® Up To 24Hr,312,#ffba7e,https://www.maybelline.com/face-makeup/powder/super-stay-powder-foundation?variant=118
Super Stay® Up To 24Hr,332,#eea765,https://www.maybelline.com/face-makeup/powder/super-stay-powder-foundation?variant=118
Super Stay® Up To 24Hr,340,#d6814a,https://www.maybelline.com/face-makeup/powder/super-stay-powder-foundation?variant=118
Super Stay® Up To 24Hr,355,#ca7742,https://www.maybelline.com/face-makeup/powder/super-stay-powder-foundation?variant=118
Super Stay® Up To 24Hr,360,#ad674b,https://www.maybelline.com/face-makeup/powder/super-stay-powder-foundation?variant=118
Super Stay® Up To 24Hr,370,#a66647,https://www.maybelline.com/face-makeup/powder/super-stay-powder-foundation?variant=118
Super Stay® Up To 24Hr,375,#784334,https://www.maybelline.com/face-makeup/powder/super-stay-powder-foundation?variant=118
Instant Age Rewind Perfector®,Fair Light,#efd8c5,https://www.maybelline.com/face-makeup/foundation-makeup/instant-age-rewind-instant-perfector-4-in-1-glow-makeup?variant=Medium
Instant Age Rewind Perfector®,Light,#e6ccb1,https://www.maybelline.com/face-makeup/foundation-makeup/instant-age-rewind-instant-perfector-4-in-1-glow-makeup?variant=Medium
Instant Age Rewind Perfector®,Medium,#d5976e,https://www.maybelline.com/face-makeup/foundation-makeup/instant-age-rewind-instant-perfector-4-in-1-glow-makeup?variant=Medium
Instant Age Rewind Perfector®,Medium Deep,#b86840,https://www.maybelline.com/face-makeup/foundation-makeup/instant-age-rewind-instant-perfector-4-in-1-glow-makeup?variant=Medium
Instant Age Rewind Perfector®,Deep,#603518,https://www.maybelline.com/face-makeup/foundation-makeup/instant-age-rewind-instant-perfector-4-in-1-glow-makeup?variant=Medium
Instant Age Rewind Perfector®,Fair Light Cool,#f6ceb1,https://www.maybelline.com/face-makeup/foundation-makeup/instant-age-rewind-instant-perfector-4-in-1-glow-makeup?variant=Medium
Instant Age Rewind Perfector®,Light Medium,#e2bd8f,https://www.maybelline.com/face-makeup/foundation-makeup/instant-age-rewind-instant-perfector-4-in-1-glow-makeup?variant=Medium
Instant Age Rewind Perfector®,Medium Deep Warm,#c78d57,https://www.maybelline.com/face-makeup/foundation-makeup/instant-age-rewind-instant-perfector-4-in-1-glow-makeup?variant=Medium
Fit Me® Matte + Poreless Primer,Clear,#eae2d8,https://www.maybelline.com/face-makeup/primer/fit-me-matte-poreless-primer?variant=Clear
Lasting Fix® Banana Powder,Banana,#f7e8c1,https://www.maybelline.com/face-makeup/powder/lasting-fix-banana-powder-loose-setting-powder-makeup?variant=Banana
Fit Me® Concealer,Cool Ivory,#f3ebe4,https://www.maybelline.com/face-makeup/concealer/fit-me-concealer?variant=Light
Fit Me® Concealer,Ivory,"#d9b9a0
",https://www.maybelline.com/face-makeup/concealer/fit-me-concealer?variant=Light
Fit Me® Concealer,Fair,#FFDDC3,https://www.maybelline.com/face-makeup/concealer/fit-me-concealer?variant=Light
Fit Me® Concealer,Vanilla,#e3caaa,https://www.maybelline.com/face-makeup/concealer/fit-me-concealer?variant=Light
Fit Me® Concealer,Light,#FFDEB8,https://www.maybelline.com/face-makeup/concealer/fit-me-concealer?variant=Light
Fit Me® Concealer,Sand,#F5CCA6,https://www.maybelline.com/face-makeup/concealer/fit-me-concealer?variant=Light
Fit Me® Concealer,Wheat,#dac8a2,https://www.maybelline.com/face-makeup/concealer/fit-me-concealer?variant=Light
Fit Me® Concealer,Medium,#FACFA0,https://www.maybelline.com/face-makeup/concealer/fit-me-concealer?variant=Light
Fit Me® Concealer,Honey,"#a5754c
",https://www.maybelline.com/face-makeup/concealer/fit-me-concealer?variant=Light
Fit Me® Concealer,Deep,#D9A586,https://www.maybelline.com/face-makeup/concealer/fit-me-concealer?variant=Light
Fit Me® Concealer,Caramel,#bd8459,https://www.maybelline.com/face-makeup/concealer/fit-me-concealer?variant=Light
Fit Me® Concealer,Tan,#976945,https://www.maybelline.com/face-makeup/concealer/fit-me-concealer?variant=Light
Fit Me® Concealer,Cafe,#C28F65,https://www.maybelline.com/face-makeup/concealer/fit-me-concealer?variant=Light
Fit Me® Concealer,Hazelnut,"#81573f
",https://www.maybelline.com/face-makeup/concealer/fit-me-concealer?variant=Light
Fit Me® Concealer,Walnut,#ab7641,https://www.maybelline.com/face-makeup/concealer/fit-me-concealer?variant=Light
Fit Me® Concealer,Cocoa,"#7c5642
",https://www.maybelline.com/face-makeup/concealer/fit-me-concealer?variant=Light
Fit Me® Concealer,Coffee,#895736,https://www.maybelline.com/face-makeup/concealer/fit-me-concealer?variant=Light
Fit Me® Concealer,Dark Coffee,#7c583a,https://www.maybelline.com/face-makeup/concealer/fit-me-concealer?variant=Light
Cheek Heat®,Pink Scorch,#ECA8D9,https://www.maybelline.com/face-makeup/blush-and-bronzer/cheek-heat-gel-cream-blush-face-makeup?variant=Rose+Flush
Cheek Heat®,Nude Burn,#CD5C65,https://www.maybelline.com/face-makeup/blush-and-bronzer/cheek-heat-gel-cream-blush-face-makeup?variant=Rose+Flush
Cheek Heat®,Rose Flush,#F75B80,https://www.maybelline.com/face-makeup/blush-and-bronzer/cheek-heat-gel-cream-blush-face-makeup?variant=Rose+Flush
Cheek Heat®,Fuchsia Spark,#E52763,https://www.maybelline.com/face-makeup/blush-and-bronzer/cheek-heat-gel-cream-blush-face-makeup?variant=Rose+Flush
Cheek Heat®,Coral Ember,#F1706C,https://www.maybelline.com/face-makeup/blush-and-bronzer/cheek-heat-gel-cream-blush-face-makeup?variant=Rose+Flush
Cheek Heat®,Berry Flame,#DC3B83,https://www.maybelline.com/face-makeup/blush-and-bronzer/cheek-heat-gel-cream-blush-face-makeup?variant=Rose+Flush
Dream Radiant Liquid®,Fair Porcelain,#fff5e7,https://www.maybelline.com/face-makeup/foundation-makeup/dream-radiant-liquid-medium-coverage-hydrating-foundation?variant=Nude+Beige
Dream Radiant Liquid®,Fair Ivory,#fdead8,https://www.maybelline.com/face-makeup/foundation-makeup/dream-radiant-liquid-medium-coverage-hydrating-foundation?variant=Nude+Beige
Dream Radiant Liquid®,Porcelain Ivory,#fae2cf,https://www.maybelline.com/face-makeup/foundation-makeup/dream-radiant-liquid-medium-coverage-hydrating-foundation?variant=Nude+Beige
Dream Radiant Liquid®,Classic Ivory,#f0d1b5,https://www.maybelline.com/face-makeup/foundation-makeup/dream-radiant-liquid-medium-coverage-hydrating-foundation?variant=Nude+Beige
Dream Radiant Liquid®,Ivory Beige,#fcdbc5,https://www.maybelline.com/face-makeup/foundation-makeup/dream-radiant-liquid-medium-coverage-hydrating-foundation?variant=Nude+Beige
Dream Radiant Liquid®,Nude Beige,#e8ceb5,https://www.maybelline.com/face-makeup/foundation-makeup/dream-radiant-liquid-medium-coverage-hydrating-foundation?variant=Nude+Beige
Dream Radiant Liquid®,Creamy Natural,#edc6a5,https://www.maybelline.com/face-makeup/foundation-makeup/dream-radiant-liquid-medium-coverage-hydrating-foundation?variant=Nude+Beige
Dream Radiant Liquid®,Sandy Beige,#e6c59c,https://www.maybelline.com/face-makeup/foundation-makeup/dream-radiant-liquid-medium-coverage-hydrating-foundation?variant=Nude+Beige
Dream Radiant Liquid®,Pure Beige,#e4bf98,https://www.maybelline.com/face-makeup/foundation-makeup/dream-radiant-liquid-medium-coverage-hydrating-foundation?variant=Nude+Beige
Dream Radiant Liquid®,Natural Beige,#d9ba8d,https://www.maybelline.com/face-makeup/foundation-makeup/dream-radiant-liquid-medium-coverage-hydrating-foundation?variant=Nude+Beige
Dream Radiant Liquid®,Honey Beige,#c29570,https://www.maybelline.com/face-makeup/foundation-makeup/dream-radiant-liquid-medium-coverage-hydrating-foundation?variant=Nude+Beige
Dream Radiant Liquid®,Coconut,#a97547,https://www.maybelline.com/face-makeup/foundation-makeup/dream-radiant-liquid-medium-coverage-hydrating-foundation?variant=Nude+Beige
Dream Radiant Liquid®,Cocoa,#69492d,https://www.maybelline.com/face-makeup/foundation-makeup/dream-radiant-liquid-medium-coverage-hydrating-foundation?variant=Nude+Beige
Dream Radiant Liquid®,Java,#5a3e25,https://www.maybelline.com/face-makeup/foundation-makeup/dream-radiant-liquid-medium-coverage-hydrating-foundation?variant=Nude+Beige
Facestudio® Lasting Fix,Lasting Fix,#ffffff,https://www.maybelline.com/face-makeup/primer/facestudio-lasting-fix-setting-spray-matte-finish?variant=Lasting+Fix
Super Stay® Longwear Liquid Concealer,01,#f6ede5,https://www.maybelline.com/face-makeup/concealer/super-stay-full-coverage-long-lasting-under-eye-concealer?variant=30
Super Stay® Longwear Liquid Concealer,05,#f7e7cf,https://www.maybelline.com/face-makeup/concealer/super-stay-full-coverage-long-lasting-under-eye-concealer?variant=30
Super Stay® Longwear Liquid Concealer,10,#f2dfd0,https://www.maybelline.com/face-makeup/concealer/super-stay-full-coverage-long-lasting-under-eye-concealer?variant=30
Super Stay® Longwear Liquid Concealer,11,#fae3bf,https://www.maybelline.com/face-makeup/concealer/super-stay-full-coverage-long-lasting-under-eye-concealer?variant=30
Super Stay® Longwear Liquid Concealer,15,#f2d5b8,https://www.maybelline.com/face-makeup/concealer/super-stay-full-coverage-long-lasting-under-eye-concealer?variant=30
Super Stay® Longwear Liquid Concealer,18,#f8dabb,https://www.maybelline.com/face-makeup/concealer/super-stay-full-coverage-long-lasting-under-eye-concealer?variant=30
Super Stay® Longwear Liquid Concealer,20,#f1c7a7,https://www.maybelline.com/face-makeup/concealer/super-stay-full-coverage-long-lasting-under-eye-concealer?variant=30
Super Stay® Longwear Liquid Concealer,22,#ebcfa7,https://www.maybelline.com/face-makeup/concealer/super-stay-full-coverage-long-lasting-under-eye-concealer?variant=30
Super Stay® Longwear Liquid Concealer,25,#e5b998,https://www.maybelline.com/face-makeup/concealer/super-stay-full-coverage-long-lasting-under-eye-concealer?variant=30
Super Stay® Longwear Liquid Concealer,27,#e2b68f,https://www.maybelline.com/face-makeup/concealer/super-stay-full-coverage-long-lasting-under-eye-concealer?variant=30
Super Stay® Longwear Liquid Concealer,30,#e9b180,https://www.maybelline.com/face-makeup/concealer/super-stay-full-coverage-long-lasting-under-eye-concealer?variant=30
Super Stay® Longwear Liquid Concealer,42,#c27c4b,https://www.maybelline.com/face-makeup/concealer/super-stay-full-coverage-long-lasting-under-eye-concealer?variant=30
Super Stay® Longwear Liquid Concealer,45,#bd7f50,https://www.maybelline.com/face-makeup/concealer/super-stay-full-coverage-long-lasting-under-eye-concealer?variant=30
Super Stay® Longwear Liquid Concealer,50,#bc8056,https://www.maybelline.com/face-makeup/concealer/super-stay-full-coverage-long-lasting-under-eye-concealer?variant=30
Super Stay® Longwear Liquid Concealer,57,#b66c3c,https://www.maybelline.com/face-makeup/concealer/super-stay-full-coverage-long-lasting-under-eye-concealer?variant=30
Super Stay® Longwear Liquid Concealer,70,#835035,https://www.maybelline.com/face-makeup/concealer/super-stay-full-coverage-long-lasting-under-eye-concealer?variant=30
Dream Urban Cover®,Porcelain,#f0e5d1,https://www.maybelline.com/face-makeup/foundation-makeup/dream-urban-cover-flawless-coverage-foundation-makeup-spf-50?variant=Toffee
Dream Urban Cover®,Natural Ivory,#e6d4c6,https://www.maybelline.com/face-makeup/foundation-makeup/dream-urban-cover-flawless-coverage-foundation-makeup-spf-50?variant=Toffee
Dream Urban Cover®,Classic Ivory,#e3d1b9,https://www.maybelline.com/face-makeup/foundation-makeup/dream-urban-cover-flawless-coverage-foundation-makeup-spf-50?variant=Toffee
Dream Urban Cover®,Warm Nude,#dbc2a3,https://www.maybelline.com/face-makeup/foundation-makeup/dream-urban-cover-flawless-coverage-foundation-makeup-spf-50?variant=Toffee
Dream Urban Cover®,Natural Beige,#ccb593,https://www.maybelline.com/face-makeup/foundation-makeup/dream-urban-cover-flawless-coverage-foundation-makeup-spf-50?variant=Toffee
Dream Urban Cover®,Sun Beige,"#caaa83
",https://www.maybelline.com/face-makeup/foundation-makeup/dream-urban-cover-flawless-coverage-foundation-makeup-spf-50?variant=Toffee
Dream Urban Cover®,Toffee,"#a78a62
",https://www.maybelline.com/face-makeup/foundation-makeup/dream-urban-cover-flawless-coverage-foundation-makeup-spf-50?variant=Toffee
Dream Urban Cover®,Truffle,#7e5e38,https://www.maybelline.com/face-makeup/foundation-makeup/dream-urban-cover-flawless-coverage-foundation-makeup-spf-50?variant=Toffee
City Bronzer®,Light,#ebcaa9,https://www.maybelline.com/face-makeup/blush-and-bronzer/city-bronzer-powder-makeup-bronzer-contour-powder?variant=Light
City Bronzer®,Medium,#d4ae89,https://www.maybelline.com/face-makeup/blush-and-bronzer/city-bronzer-powder-makeup-bronzer-contour-powder?variant=Light
City Bronzer®,Deep,#c4906b,https://www.maybelline.com/face-makeup/blush-and-bronzer/city-bronzer-powder-makeup-bronzer-contour-powder?variant=Light
Facestudio® Master Blur Stick,Universal Transparent,"#ffffff
",https://www.maybelline.com/face-makeup/primer/facestudio-master-blur-stick-primer-makeup?variant=Universal+Transparent
Facestudio® Master Holographic®,Opal,"#ebe5e9
",https://www.maybelline.com/face-makeup/contouring/facestudio-master-holographic-prismatic-highlighter?variant=Opal
Facestudio® Master Holographic®,Purple,"#e0c5e8
",https://www.maybelline.com/face-makeup/contouring/facestudio-master-holographic-prismatic-highlighter?variant=Opal
Super Stay® Longwear Liquid Foundation,Fair Porcelain,#fcefe7,https://www.maybelline.com/face-makeup/foundation-makeup/super-stay-full-coverage-foundation?variant=Mocha
Super Stay® Longwear Liquid Foundation,Fair Ivory,#fde9de,https://www.maybelline.com/face-makeup/foundation-makeup/super-stay-full-coverage-foundation?variant=Mocha
Super Stay® Longwear Liquid Foundation,Porcelain,#fce8d8,https://www.maybelline.com/face-makeup/foundation-makeup/super-stay-full-coverage-foundation?variant=Mocha
Super Stay® Longwear Liquid Foundation,Natural Ivory,#f7ddce,https://www.maybelline.com/face-makeup/foundation-makeup/super-stay-full-coverage-foundation?variant=Mocha
Super Stay® Longwear Liquid Foundation,Ivory,#f7d9c5,https://www.maybelline.com/face-makeup/foundation-makeup/super-stay-full-coverage-foundation?variant=Mocha
Super Stay® Longwear Liquid Foundation,Light Beige,#f1d5ba,https://www.maybelline.com/face-makeup/foundation-makeup/super-stay-full-coverage-foundation?variant=Mocha
Super Stay® Longwear Liquid Foundation,Classic Ivory,#f0d3c1,https://www.maybelline.com/face-makeup/foundation-makeup/super-stay-full-coverage-foundation?variant=Mocha
Super Stay® Longwear Liquid Foundation,Nude Beige,#f6caa9,https://www.maybelline.com/face-makeup/foundation-makeup/super-stay-full-coverage-foundation?variant=Mocha
Super Stay® Longwear Liquid Foundation,Sand Beige,#eebf93,https://www.maybelline.com/face-makeup/foundation-makeup/super-stay-full-coverage-foundation?variant=Mocha
Super Stay® Longwear Liquid Foundation,Warm Nude,#eac19e,https://www.maybelline.com/face-makeup/foundation-makeup/super-stay-full-coverage-foundation?variant=Mocha
Super Stay® Longwear Liquid Foundation,Medium Beige,#e9c3a0,https://www.maybelline.com/face-makeup/foundation-makeup/super-stay-full-coverage-foundation?variant=Mocha
Super Stay® Longwear Liquid Foundation,Buff Beige,#ecbc9f,https://www.maybelline.com/face-makeup/foundation-makeup/super-stay-full-coverage-foundation?variant=Mocha
Super Stay® Longwear Liquid Foundation,Light Tan,#edc495,https://www.maybelline.com/face-makeup/foundation-makeup/super-stay-full-coverage-foundation?variant=Mocha
Super Stay® Longwear Liquid Foundation,Natural Beige,#eeccad,https://www.maybelline.com/face-makeup/foundation-makeup/super-stay-full-coverage-foundation?variant=Mocha
Super Stay® Longwear Liquid Foundation,Sun Beige,#e3b392,https://www.maybelline.com/face-makeup/foundation-makeup/super-stay-full-coverage-foundation?variant=Mocha
Super Stay® Longwear Liquid Foundation,Golden,#d69d7d,https://www.maybelline.com/face-makeup/foundation-makeup/super-stay-full-coverage-foundation?variant=Mocha
Super Stay® Longwear Liquid Foundation,Honey,#cb9774,https://www.maybelline.com/face-makeup/foundation-makeup/super-stay-full-coverage-foundation?variant=Mocha
Super Stay® Longwear Liquid Foundation,Toffee,#d19066,https://www.maybelline.com/face-makeup/foundation-makeup/super-stay-full-coverage-foundation?variant=Mocha
Super Stay® Longwear Liquid Foundation,Golden Caramel,#d19c6b,https://www.maybelline.com/face-makeup/foundation-makeup/super-stay-full-coverage-foundation?variant=Mocha
Super Stay® Longwear Liquid Foundation,Cappuccino,#d08646,https://www.maybelline.com/face-makeup/foundation-makeup/super-stay-full-coverage-foundation?variant=Mocha
Super Stay® Longwear Liquid Foundation,Coconut,#bc7145,https://www.maybelline.com/face-makeup/foundation-makeup/super-stay-full-coverage-foundation?variant=Mocha
Super Stay® Longwear Liquid Foundation,Mocha,#ad6a3b,https://www.maybelline.com/face-makeup/foundation-makeup/super-stay-full-coverage-foundation?variant=Mocha
Super Stay® Longwear Liquid Foundation,Deep Bronze,#9b6546,https://www.maybelline.com/face-makeup/foundation-makeup/super-stay-full-coverage-foundation?variant=Mocha
Super Stay® Longwear Liquid Foundation,Java,#875539,https://www.maybelline.com/face-makeup/foundation-makeup/super-stay-full-coverage-foundation?variant=Mocha
Facestudio® Master Chrome®,Molten Rose Gold,"#c79783
",https://www.maybelline.com/face-makeup/contouring/facestudio-master-chrome-metallic-highlighter?variant=Molten+Gold
Facestudio® Master Chrome®,Molten Gold,#e6c6ad,https://www.maybelline.com/face-makeup/contouring/facestudio-master-chrome-metallic-highlighter?variant=Molten+Gold
Facestudio® Master Chrome®,Molten Peach,"#bf7d6d
",https://www.maybelline.com/face-makeup/contouring/facestudio-master-chrome-metallic-highlighter?variant=Molten+Gold
Facestudio® Master Chrome®,Molten Topaz,"#c1913d
",https://www.maybelline.com/face-makeup/contouring/facestudio-master-chrome-metallic-highlighter?variant=Molten+Gold
Fit Me® Loose Finishing Powder,Fair,#e2d3c7,https://www.maybelline.com/face-makeup/powder/fit-me-loose-finishing-powder?variant=Dark
Fit Me® Loose Finishing Powder,Fair Light,#d4bda3,https://www.maybelline.com/face-makeup/powder/fit-me-loose-finishing-powder?variant=Dark
Fit Me® Loose Finishing Powder,Light,"#c7ab98
",https://www.maybelline.com/face-makeup/powder/fit-me-loose-finishing-powder?variant=Dark
Fit Me® Loose Finishing Powder,Light Medium,#bea38b,https://www.maybelline.com/face-makeup/powder/fit-me-loose-finishing-powder?variant=Dark
Fit Me® Loose Finishing Powder,Medium,"#c9b09b
",https://www.maybelline.com/face-makeup/powder/fit-me-loose-finishing-powder?variant=Dark
Fit Me® Loose Finishing Powder,Medium Deep,#a3805d,https://www.maybelline.com/face-makeup/powder/fit-me-loose-finishing-powder?variant=Dark
Fit Me® Loose Finishing Powder,Deep,"#9b6f56
",https://www.maybelline.com/face-makeup/powder/fit-me-loose-finishing-powder?variant=Dark
Fit Me® Loose Finishing Powder,Dark,#875a46,https://www.maybelline.com/face-makeup/powder/fit-me-loose-finishing-powder?variant=Dark
Master Camo,Green For Redness - all skin tones,#b6ca92,https://www.maybelline.com/face-makeup/concealer/master-camo-color-correcting-pen?variant=Apricot+For+Dark+Circles+-+light+to+medium+skin+tones
Master Camo,Apricot For Dark Circles - light to medium skin tones,"#ec8c77
",https://www.maybelline.com/face-makeup/concealer/master-camo-color-correcting-pen?variant=Apricot+For+Dark+Circles+-+light+to+medium+skin+tones
Facestudio® Master Strobing Stick™,Light- Iridescent,#c5a7a3,https://www.maybelline.com/face-makeup/contouring/facestudio-master-strobing-stick-illuminating-highlighter?variant=Light-+Iridescent
Facestudio® Master Strobing Stick™,Medium-Nude Glow,#ba9786,https://www.maybelline.com/face-makeup/contouring/facestudio-master-strobing-stick-illuminating-highlighter?variant=Light-+Iridescent
Fit Me® Shine-Free + Balance®,Porcelain,#FFD6BA,https://www.maybelline.com/face-makeup/foundation-makeup/fit-me-shine-free-balance-stick-foundation?variant=Ivory
Fit Me® Shine-Free + Balance®,Ivory,#FCCCBA,https://www.maybelline.com/face-makeup/foundation-makeup/fit-me-shine-free-balance-stick-foundation?variant=Ivory
Fit Me® Shine-Free + Balance®,Classic Ivory,#f3cfb3,https://www.maybelline.com/face-makeup/foundation-makeup/fit-me-shine-free-balance-stick-foundation?variant=Ivory
Fit Me® Shine-Free + Balance®,Buff Beige,#F2BAA1,https://www.maybelline.com/face-makeup/foundation-makeup/fit-me-shine-free-balance-stick-foundation?variant=Ivory
Fit Me® Shine-Free + Balance®,Natural Beige,#DEA878,https://www.maybelline.com/face-makeup/foundation-makeup/fit-me-shine-free-balance-stick-foundation?variant=Ivory
Fit Me® Shine-Free + Balance®,Pure Beige,#D99066,https://www.maybelline.com/face-makeup/foundation-makeup/fit-me-shine-free-balance-stick-foundation?variant=Ivory
Fit Me® Shine-Free + Balance®,Toffee,#AB7842,https://www.maybelline.com/face-makeup/foundation-makeup/fit-me-shine-free-balance-stick-foundation?variant=Ivory
Fit Me® Shine-Free + Balance®,Coconut,#914F24,https://www.maybelline.com/face-makeup/foundation-makeup/fit-me-shine-free-balance-stick-foundation?variant=Ivory
Fit Me® Matte + Poreless,Fair Porcelain,#ffeae3,https://www.maybelline.com/face-makeup/foundation-makeup/fit-me-matte-poreless-foundation?variant=Warm+Sun
Fit Me® Matte + Poreless,Fair Ivory,#ffe1c9,https://www.maybelline.com/face-makeup/foundation-makeup/fit-me-matte-poreless-foundation?variant=Warm+Sun
Fit Me® Matte + Poreless,Porcelain,#ffecd9,https://www.maybelline.com/face-makeup/foundation-makeup/fit-me-matte-poreless-foundation?variant=Warm+Sun
Fit Me® Matte + Poreless,Natural Ivory,#ffdec9,https://www.maybelline.com/face-makeup/foundation-makeup/fit-me-matte-poreless-foundation?variant=Warm+Sun
Fit Me® Matte + Poreless,Ivory,#f3d7c7,https://www.maybelline.com/face-makeup/foundation-makeup/fit-me-matte-poreless-foundation?variant=Warm+Sun
Fit Me® Matte + Poreless,Light Beige,#ebc5ac,https://www.maybelline.com/face-makeup/foundation-makeup/fit-me-matte-poreless-foundation?variant=Warm+Sun
Fit Me® Matte + Poreless,Classic Ivory,#e8c4a6,https://www.maybelline.com/face-makeup/foundation-makeup/fit-me-matte-poreless-foundation?variant=Warm+Sun
Fit Me® Matte + Poreless,Creamy Beige,#fdc295,https://www.maybelline.com/face-makeup/foundation-makeup/fit-me-matte-poreless-foundation?variant=Warm+Sun
Fit Me® Matte + Poreless,Soft Sand,#ebc1a6,https://www.maybelline.com/face-makeup/foundation-makeup/fit-me-matte-poreless-foundation?variant=Warm+Sun
Fit Me® Matte + Poreless,Nude Beige,#e9bf9a,https://www.maybelline.com/face-makeup/foundation-makeup/fit-me-matte-poreless-foundation?variant=Warm+Sun
Fit Me® Matte + Poreless,Warm Nude,#eac0ac,https://www.maybelline.com/face-makeup/foundation-makeup/fit-me-matte-poreless-foundation?variant=Warm+Sun
Fit Me® Matte + Poreless,Buff Beige,#eab59c,https://www.maybelline.com/face-makeup/foundation-makeup/fit-me-matte-poreless-foundation?variant=Warm+Sun
Fit Me® Matte + Poreless,Natural Beige,#ebc0a5,https://www.maybelline.com/face-makeup/foundation-makeup/fit-me-matte-poreless-foundation?variant=Warm+Sun
Fit Me® Matte + Poreless,True Beige,#fab791,https://www.maybelline.com/face-makeup/foundation-makeup/fit-me-matte-poreless-foundation?variant=Warm+Sun
Fit Me® Matte + Poreless,Soft Tan,#e6ae91,https://www.maybelline.com/face-makeup/foundation-makeup/fit-me-matte-poreless-foundation?variant=Warm+Sun
Fit Me® Matte + Poreless,Natural Buff,#edb89d,https://www.maybelline.com/face-makeup/foundation-makeup/fit-me-matte-poreless-foundation?variant=Warm+Sun
Fit Me® Matte + Poreless,Pure Beige,#dba58e,https://www.maybelline.com/face-makeup/foundation-makeup/fit-me-matte-poreless-foundation?variant=Warm+Sun
Fit Me® Matte + Poreless,Rich Tan,#daa58d,https://www.maybelline.com/face-makeup/foundation-makeup/fit-me-matte-poreless-foundation?variant=Warm+Sun
Fit Me® Matte + Poreless,Light Honey,#df9175,https://www.maybelline.com/face-makeup/foundation-makeup/fit-me-matte-poreless-foundation?variant=Warm+Sun
Fit Me® Matte + Poreless,Classic Beige,#d99a81,https://www.maybelline.com/face-makeup/foundation-makeup/fit-me-matte-poreless-foundation?variant=Warm+Sun
Fit Me® Matte + Poreless,Sun Beige,#e9b7a6,https://www.maybelline.com/face-makeup/foundation-makeup/fit-me-matte-poreless-foundation?variant=Warm+Sun
Fit Me® Matte + Poreless,Golden,#d89877,https://www.maybelline.com/face-makeup/foundation-makeup/fit-me-matte-poreless-foundation?variant=Warm+Sun
Fit Me® Matte + Poreless,Natural Tan,#de9979,https://www.maybelline.com/face-makeup/foundation-makeup/fit-me-matte-poreless-foundation?variant=Warm+Sun
Fit Me® Matte + Poreless,Warm Honey,#dfa28a,https://www.maybelline.com/face-makeup/foundation-makeup/fit-me-matte-poreless-foundation?variant=Warm+Sun
Fit Me® Matte + Poreless,Toffee,#ce896c,https://www.maybelline.com/face-makeup/foundation-makeup/fit-me-matte-poreless-foundation?variant=Warm+Sun
Fit Me® Matte + Poreless,Golden Caramel,#cb8764,https://www.maybelline.com/face-makeup/foundation-makeup/fit-me-matte-poreless-foundation?variant=Warm+Sun
Fit Me® Matte + Poreless,Warm Sun,#c3805b,https://www.maybelline.com/face-makeup/foundation-makeup/fit-me-matte-poreless-foundation?variant=Warm+Sun
Fit Me® Matte + Poreless,Classic Tan,#c98660,https://www.maybelline.com/face-makeup/foundation-makeup/fit-me-matte-poreless-foundation?variant=Warm+Sun
Fit Me® Matte + Poreless,Spicy Brown,#bd7a5d,https://www.maybelline.com/face-makeup/foundation-makeup/fit-me-matte-poreless-foundation?variant=Warm+Sun
Fit Me® Matte + Poreless,Cappuccino,#c9825f,https://www.maybelline.com/face-makeup/foundation-makeup/fit-me-matte-poreless-foundation?variant=Warm+Sun
Fit Me® Matte + Poreless,Coconut,#cb8263,https://www.maybelline.com/face-makeup/foundation-makeup/fit-me-matte-poreless-foundation?variant=Warm+Sun
Fit Me® Matte + Poreless,Warm Coconut,#a96345,https://www.maybelline.com/face-makeup/foundation-makeup/fit-me-matte-poreless-foundation?variant=Warm+Sun
Fit Me® Matte + Poreless,Latte,#cc7c5d,https://www.maybelline.com/face-makeup/foundation-makeup/fit-me-matte-poreless-foundation?variant=Warm+Sun
Fit Me® Matte + Poreless,Mocha,#954c33,https://www.maybelline.com/face-makeup/foundation-makeup/fit-me-matte-poreless-foundation?variant=Warm+Sun
Fit Me® Matte + Poreless,Truffle,#9e624b,https://www.maybelline.com/face-makeup/foundation-makeup/fit-me-matte-poreless-foundation?variant=Warm+Sun
Fit Me® Matte + Poreless,Nutmeg,#7d5c4d,https://www.maybelline.com/face-makeup/foundation-makeup/fit-me-matte-poreless-foundation?variant=Warm+Sun
Fit Me® Matte + Poreless,Deep Golden,#8b5039,https://www.maybelline.com/face-makeup/foundation-makeup/fit-me-matte-poreless-foundation?variant=Warm+Sun
Fit Me® Matte + Poreless,Deep Bronze,#714433,https://www.maybelline.com/face-makeup/foundation-makeup/fit-me-matte-poreless-foundation?variant=Warm+Sun
Fit Me® Matte + Poreless,Java,#734230,https://www.maybelline.com/face-makeup/foundation-makeup/fit-me-matte-poreless-foundation?variant=Warm+Sun
Fit Me® Matte + Poreless,Espresso,#533417,https://www.maybelline.com/face-makeup/foundation-makeup/fit-me-matte-poreless-foundation?variant=Warm+Sun
Fit Me® Dewy + Smooth,Fair Porcelain,#ffeae3,https://www.maybelline.com/face-makeup/foundation-makeup/fit-me-dewy-smooth-foundation?variant=Sun+Beige
Fit Me® Dewy + Smooth,Fair Ivory,#ffe1c9,https://www.maybelline.com/face-makeup/foundation-makeup/fit-me-dewy-smooth-foundation?variant=Sun+Beige
Fit Me® Dewy + Smooth,Porcelain,#ffecd9,https://www.maybelline.com/face-makeup/foundation-makeup/fit-me-dewy-smooth-foundation?variant=Sun+Beige
Fit Me® Dewy + Smooth,Ivory,#f3d7c7,https://www.maybelline.com/face-makeup/foundation-makeup/fit-me-dewy-smooth-foundation?variant=Sun+Beige
Fit Me® Dewy + Smooth,Light Beige,#ebc5ad,https://www.maybelline.com/face-makeup/foundation-makeup/fit-me-dewy-smooth-foundation?variant=Sun+Beige
Fit Me® Dewy + Smooth,Classic Ivory,#e8c4a6,https://www.maybelline.com/face-makeup/foundation-makeup/fit-me-dewy-smooth-foundation?variant=Sun+Beige
Fit Me® Dewy + Smooth,Nude Beige,#e9bf9a,https://www.maybelline.com/face-makeup/foundation-makeup/fit-me-dewy-smooth-foundation?variant=Sun+Beige
Fit Me® Dewy + Smooth,Warm Nude,#cc9d69,https://www.maybelline.com/face-makeup/foundation-makeup/fit-me-dewy-smooth-foundation?variant=Sun+Beige
Fit Me® Dewy + Smooth,Buff Beige,#eab59c,https://www.maybelline.com/face-makeup/foundation-makeup/fit-me-dewy-smooth-foundation?variant=Sun+Beige
Fit Me® Dewy + Smooth,Sandy Beige,#eab992,https://www.maybelline.com/face-makeup/foundation-makeup/fit-me-dewy-smooth-foundation?variant=Sun+Beige
Fit Me® Dewy + Smooth,Natural Beige,#f7b886,https://www.maybelline.com/face-makeup/foundation-makeup/fit-me-dewy-smooth-foundation?variant=Sun+Beige
Fit Me® Dewy + Smooth,Medium Buff,#eeb390,https://www.maybelline.com/face-makeup/foundation-makeup/fit-me-dewy-smooth-foundation?variant=Sun+Beige
Fit Me® Dewy + Smooth,Soft Tan,#e6ae91,https://www.maybelline.com/face-makeup/foundation-makeup/fit-me-dewy-smooth-foundation?variant=Sun+Beige
Fit Me® Dewy + Smooth,Natural Buff,#eab08d,https://www.maybelline.com/face-makeup/foundation-makeup/fit-me-dewy-smooth-foundation?variant=Sun+Beige
Fit Me® Dewy + Smooth,Pure Beige,#ecb59a,https://www.maybelline.com/face-makeup/foundation-makeup/fit-me-dewy-smooth-foundation?variant=Sun+Beige
Fit Me® Dewy + Smooth,Golden Beige,#e4a87f,https://www.maybelline.com/face-makeup/foundation-makeup/fit-me-dewy-smooth-foundation?variant=Sun+Beige
Fit Me® Dewy + Smooth,Sun Beige,#e29c76,https://www.maybelline.com/face-makeup/foundation-makeup/fit-me-dewy-smooth-foundation?variant=Sun+Beige
Fit Me® Dewy + Smooth,Soft Honey,#d89876,https://www.maybelline.com/face-makeup/foundation-makeup/fit-me-dewy-smooth-foundation?variant=Sun+Beige
Fit Me® Dewy + Smooth,Warm Honey,#db9775,https://www.maybelline.com/face-makeup/foundation-makeup/fit-me-dewy-smooth-foundation?variant=Sun+Beige
Fit Me® Dewy + Smooth,Toffee,#d99358,https://www.maybelline.com/face-makeup/foundation-makeup/fit-me-dewy-smooth-foundation?variant=Sun+Beige
Fit Me® Dewy + Smooth,Coconut,#c47e5a,https://www.maybelline.com/face-makeup/foundation-makeup/fit-me-dewy-smooth-foundation?variant=Sun+Beige
Fit Me® Dewy + Smooth,Mocha,#8c503b,https://www.maybelline.com/face-makeup/foundation-makeup/fit-me-dewy-smooth-foundation?variant=Sun+Beige
Fit Me® Dewy + Smooth,Java,#533417,https://www.maybelline.com/face-makeup/foundation-makeup/fit-me-dewy-smooth-foundation?variant=Sun+Beige
Fit Me® Blush,Buff,#9f6c51,https://www.maybelline.com/face-makeup/blush-and-bronzer/fit-me-blush?variant=Peach
Fit Me® Blush,Nude,#c87e6e,https://www.maybelline.com/face-makeup/blush-and-bronzer/fit-me-blush?variant=Peach
Fit Me® Blush,Mauve,#d49d87,https://www.maybelline.com/face-makeup/blush-and-bronzer/fit-me-blush?variant=Peach
Fit Me® Blush,Pink,#ef9f98,https://www.maybelline.com/face-makeup/blush-and-bronzer/fit-me-blush?variant=Peach
Fit Me® Blush,Rose,#e68777,https://www.maybelline.com/face-makeup/blush-and-bronzer/fit-me-blush?variant=Peach
Fit Me® Blush,Coral,#de9678,https://www.maybelline.com/face-makeup/blush-and-bronzer/fit-me-blush?variant=Peach
Fit Me® Blush,Peach,#ee906c,https://www.maybelline.com/face-makeup/blush-and-bronzer/fit-me-blush?variant=Peach
Fit Me® Blush,Plum,#b66e6c,https://www.maybelline.com/face-makeup/blush-and-bronzer/fit-me-blush?variant=Peach
Fit Me® Blush,Wine,#642d5f,https://www.maybelline.com/face-makeup/blush-and-bronzer/fit-me-blush?variant=Peach
Fit Me® Blush,Berry,#b25757,https://www.maybelline.com/face-makeup/blush-and-bronzer/fit-me-blush?variant=Peach
Baby Skin®,Clear,#FFFFFF,https://www.maybelline.com/face-makeup/primer/baby-skin-instant-pore-eraser-primer?variant=Clear
Facestudio Master Prime,Hydrate + Smooth,"#e9e9e7
",https://www.maybelline.com/face-makeup/primer/facestudio-master-prime-primer?variant=Hydrate+%2B+Smooth
Facestudio Master Prime,Blur + Smooth,#f9faef,https://www.maybelline.com/face-makeup/primer/facestudio-master-prime-primer?variant=Hydrate+%2B+Smooth
Facestudio Master Prime,Blur + Redness Control,#fff6ee,https://www.maybelline.com/face-makeup/primer/facestudio-master-prime-primer?variant=Hydrate+%2B+Smooth
Facestudio Master Prime,Blur + Pore Minimize,"#ffffff
",https://www.maybelline.com/face-makeup/primer/facestudio-master-prime-primer?variant=Hydrate+%2B+Smooth
Facestudio Master Prime,Blur + Defend,"#dbbab1
",https://www.maybelline.com/face-makeup/primer/facestudio-master-prime-primer?variant=Hydrate+%2B+Smooth
Fit Me® Matte + Poreless Powder,Translucent,#fce2b7,https://www.maybelline.com/face-makeup/powder/fit-me-matte-poreless-powder?variant=Natural+Beige
Fit Me® Matte + Poreless Powder,Fair Ivory,#f8cca5,https://www.maybelline.com/face-makeup/powder/fit-me-matte-poreless-powder?variant=Natural+Beige
Fit Me® Matte + Poreless Powder,Porcelain,#fed69e,https://www.maybelline.com/face-makeup/powder/fit-me-matte-poreless-powder?variant=Natural+Beige
Fit Me® Matte + Poreless Powder,Natural Ivory,#fbd3b0,https://www.maybelline.com/face-makeup/powder/fit-me-matte-poreless-powder?variant=Natural+Beige
Fit Me® Matte + Poreless Powder,Classic Ivory,#f9cc89,https://www.maybelline.com/face-makeup/powder/fit-me-matte-poreless-powder?variant=Natural+Beige
Fit Me® Matte + Poreless Powder,Creamy Beige,#e3b895,https://www.maybelline.com/face-makeup/powder/fit-me-matte-poreless-powder?variant=Natural+Beige
Fit Me® Matte + Poreless Powder,Warm Nude,#d3ab7a,https://www.maybelline.com/face-makeup/powder/fit-me-matte-poreless-powder?variant=Natural+Beige
Fit Me® Matte + Poreless Powder,Buff Beige,#f9c589,https://www.maybelline.com/face-makeup/powder/fit-me-matte-poreless-powder?variant=Natural+Beige
Fit Me® Matte + Poreless Powder,Natural Beige,#f6c17c,https://www.maybelline.com/face-makeup/powder/fit-me-matte-poreless-powder?variant=Natural+Beige
Fit Me® Matte + Poreless Powder,True Beige,#c2977e,https://www.maybelline.com/face-makeup/powder/fit-me-matte-poreless-powder?variant=Natural+Beige
Fit Me® Matte + Poreless Powder,Natural Buff,#f2bb7a,https://www.maybelline.com/face-makeup/powder/fit-me-matte-poreless-powder?variant=Natural+Beige
Fit Me® Matte + Poreless Powder,Pure Beige,#c29e87,https://www.maybelline.com/face-makeup/powder/fit-me-matte-poreless-powder?variant=Natural+Beige
Fit Me® Matte + Poreless Powder,Classic Beige,"#f6c091
",https://www.maybelline.com/face-makeup/powder/fit-me-matte-poreless-powder?variant=Natural+Beige
Fit Me® Matte + Poreless Powder,Sun Beige,#e3ad6c,https://www.maybelline.com/face-makeup/powder/fit-me-matte-poreless-powder?variant=Natural+Beige
Fit Me® Matte + Poreless Powder,Golden,"#eab370
",https://www.maybelline.com/face-makeup/powder/fit-me-matte-poreless-powder?variant=Natural+Beige
Fit Me® Matte + Poreless Powder,Natural Tan,#ba927c,https://www.maybelline.com/face-makeup/powder/fit-me-matte-poreless-powder?variant=Natural+Beige
Fit Me® Matte + Poreless Powder,Toffee,#d89c57,https://www.maybelline.com/face-makeup/powder/fit-me-matte-poreless-powder?variant=Natural+Beige
Fit Me® Matte + Poreless Powder,Golden Caramel,#b98d60,https://www.maybelline.com/face-makeup/powder/fit-me-matte-poreless-powder?variant=Natural+Beige
Fit Me® Matte + Poreless Powder,Warm Sun,"#d49760
",https://www.maybelline.com/face-makeup/powder/fit-me-matte-poreless-powder?variant=Natural+Beige
Fit Me® Matte + Poreless Powder,Coconut,#a97344,https://www.maybelline.com/face-makeup/powder/fit-me-matte-poreless-powder?variant=Natural+Beige
Fit Me® Matte + Poreless Powder,Mocha,#80624c,https://www.maybelline.com/face-makeup/powder/fit-me-matte-poreless-powder?variant=Natural+Beige
Fit Me® Matte + Poreless Powder,Truffle,#a67443,https://www.maybelline.com/face-makeup/powder/fit-me-matte-poreless-powder?variant=Natural+Beige
Fit Me® Matte + Poreless Powder,Nutmeg,"#905932
",https://www.maybelline.com/face-makeup/powder/fit-me-matte-poreless-powder?variant=Natural+Beige
Fit Me® Matte + Poreless Powder,Java,#a17550,https://www.maybelline.com/face-makeup/powder/fit-me-matte-poreless-powder?variant=Natural+Beige
Cover Stick,Ivory,#E4BD9A,https://www.maybelline.com/face-makeup/concealer/cover-stick-corrector-concealer-white?variant=Medium+Beige
Cover Stick,Light Beige,#EFBD84,https://www.maybelline.com/face-makeup/concealer/cover-stick-corrector-concealer-white?variant=Medium+Beige
Cover Stick,Medium Beige,#DEAD7B,https://www.maybelline.com/face-makeup/concealer/cover-stick-corrector-concealer-white?variant=Medium+Beige
Cover Stick,Deep Beige,#DEA573,https://www.maybelline.com/face-makeup/concealer/cover-stick-corrector-concealer-white?variant=Medium+Beige
Cover Stick,Yellow Corrects Dark Circles,#F6DE9A,https://www.maybelline.com/face-makeup/concealer/cover-stick-corrector-concealer-white?variant=Medium+Beige
Cover Stick,Green Corrects Redness,#CEFBE7,https://www.maybelline.com/face-makeup/concealer/cover-stick-corrector-concealer-white?variant=Medium+Beige
Instant Age Rewind® Eraser,095,#f3e6de,https://www.maybelline.com/face-makeup/concealer/instant-age-rewind-eraser-dark-circles-concealer-treatment?variant=122
Instant Age Rewind® Eraser,100,"#f6dac2
",https://www.maybelline.com/face-makeup/concealer/instant-age-rewind-eraser-dark-circles-concealer-treatment?variant=122
Instant Age Rewind® Eraser,110,#f3c9b2,https://www.maybelline.com/face-makeup/concealer/instant-age-rewind-eraser-dark-circles-concealer-treatment?variant=122
Instant Age Rewind® Eraser,115,#e1bfa3,https://www.maybelline.com/face-makeup/concealer/instant-age-rewind-eraser-dark-circles-concealer-treatment?variant=122
Instant Age Rewind® Eraser,120,#f2cda9,https://www.maybelline.com/face-makeup/concealer/instant-age-rewind-eraser-dark-circles-concealer-treatment?variant=122
Instant Age Rewind® Eraser,121,#f0c6ad,https://www.maybelline.com/face-makeup/concealer/instant-age-rewind-eraser-dark-circles-concealer-treatment?variant=122
Instant Age Rewind® Eraser,122,"#d0a982
",https://www.maybelline.com/face-makeup/concealer/instant-age-rewind-eraser-dark-circles-concealer-treatment?variant=122
Instant Age Rewind® Eraser,130,#e3b697,https://www.maybelline.com/face-makeup/concealer/instant-age-rewind-eraser-dark-circles-concealer-treatment?variant=122
Instant Age Rewind® Eraser,140,#d7a088,https://www.maybelline.com/face-makeup/concealer/instant-age-rewind-eraser-dark-circles-concealer-treatment?variant=122
Instant Age Rewind® Eraser,141,"#f1b16b
",https://www.maybelline.com/face-makeup/concealer/instant-age-rewind-eraser-dark-circles-concealer-treatment?variant=122
Instant Age Rewind® Eraser,144,"#ae7f53
",https://www.maybelline.com/face-makeup/concealer/instant-age-rewind-eraser-dark-circles-concealer-treatment?variant=122
Instant Age Rewind® Eraser,146,"#9d7248
",https://www.maybelline.com/face-makeup/concealer/instant-age-rewind-eraser-dark-circles-concealer-treatment?variant=122
Instant Age Rewind® Eraser,148,"#8f5d3c
",https://www.maybelline.com/face-makeup/concealer/instant-age-rewind-eraser-dark-circles-concealer-treatment?variant=122
Instant Age Rewind® Eraser,149,#75523e,https://www.maybelline.com/face-makeup/concealer/instant-age-rewind-eraser-dark-circles-concealer-treatment?variant=122
Instant Age Rewind® Eraser,150,#f8d4a4,https://www.maybelline.com/face-makeup/concealer/instant-age-rewind-eraser-dark-circles-concealer-treatment?variant=122
Instant Age Rewind® Eraser,160,#fcd1c3,https://www.maybelline.com/face-makeup/concealer/instant-age-rewind-eraser-dark-circles-concealer-treatment?variant=122
Instant Age Rewind® Eraser,146.5,"#bf7f33
",https://www.maybelline.com/face-makeup/concealer/instant-age-rewind-eraser-dark-circles-concealer-treatment?variant=122
Instant Age Rewind® Eraser,147.5,"#ab6232
",https://www.maybelline.com/face-makeup/concealer/instant-age-rewind-eraser-dark-circles-concealer-treatment?variant=122
Dream Bb Pure®,Light,#ffdfbe,https://www.maybelline.com/face-makeup/bb-cream/dream-pure-bb-cream?variant=Deep
Dream Bb Pure®,Light/Medium,#f3d5ad,https://www.maybelline.com/face-makeup/bb-cream/dream-pure-bb-cream?variant=Deep
Dream Bb Pure®,Medium,#edc892,https://www.maybelline.com/face-makeup/bb-cream/dream-pure-bb-cream?variant=Deep
Dream Bb Pure®,Medium/Deep,#e4b687,https://www.maybelline.com/face-makeup/bb-cream/dream-pure-bb-cream?variant=Deep
Dream Bb Pure®,Deep,#c48c5d,https://www.maybelline.com/face-makeup/bb-cream/dream-pure-bb-cream?variant=Deep
Dream Bb Fresh®,Light,#ffd7d2,https://www.maybelline.com/face-makeup/bb-cream/dream-fresh-bb-cream?variant=Light%2FMedium
Dream Bb Fresh®,Light/Medium,#f2c5bf,https://www.maybelline.com/face-makeup/bb-cream/dream-fresh-bb-cream?variant=Light%2FMedium
Dream Bb Fresh®,Medium,#dca896,https://www.maybelline.com/face-makeup/bb-cream/dream-fresh-bb-cream?variant=Light%2FMedium
Dream Bb Fresh®,Medium/Deep,#c99077,https://www.maybelline.com/face-makeup/bb-cream/dream-fresh-bb-cream?variant=Light%2FMedium
Dream Bb Fresh®,Deep,#c48162,https://www.maybelline.com/face-makeup/bb-cream/dream-fresh-bb-cream?variant=Light%2FMedium
Dream Matte Mousse,Porcelain Ivory,#FBD8AA,https://www.maybelline.com/face-makeup/foundation-makeup/dream-matte-mousse-foundation?variant=Classic+Ivory
Dream Matte Mousse,Classic Ivory,#FFD59E,https://www.maybelline.com/face-makeup/foundation-makeup/dream-matte-mousse-foundation?variant=Classic+Ivory
Dream Matte Mousse,Nude,#EEC384,https://www.maybelline.com/face-makeup/foundation-makeup/dream-matte-mousse-foundation?variant=Classic+Ivory
Dream Matte Mousse,Creamy Natural,#E4BD9A,https://www.maybelline.com/face-makeup/foundation-makeup/dream-matte-mousse-foundation?variant=Classic+Ivory
Dream Matte Mousse,Light Beige,#D5A877,https://www.maybelline.com/face-makeup/foundation-makeup/dream-matte-mousse-foundation?variant=Classic+Ivory
Dream Matte Mousse,Sandy Beige,#CCA07D,https://www.maybelline.com/face-makeup/foundation-makeup/dream-matte-mousse-foundation?variant=Classic+Ivory
Dream Matte Mousse,Pure Beige,#CE9E88,https://www.maybelline.com/face-makeup/foundation-makeup/dream-matte-mousse-foundation?variant=Classic+Ivory
Dream Matte Mousse,Natural Beige,#CB9E6C,https://www.maybelline.com/face-makeup/foundation-makeup/dream-matte-mousse-foundation?variant=Classic+Ivory
Dream Matte Mousse,Medium Beige,#CC9777,https://www.maybelline.com/face-makeup/foundation-makeup/dream-matte-mousse-foundation?variant=Classic+Ivory
Dream Matte Mousse,Honey Beige,#C09574,https://www.maybelline.com/face-makeup/foundation-makeup/dream-matte-mousse-foundation?variant=Classic+Ivory
Dream Matte Mousse,Caramel,#AC705B,https://www.maybelline.com/face-makeup/foundation-makeup/dream-matte-mousse-foundation?variant=Classic+Ivory
Dream Matte Mousse,Cocoa,#8B4F3A,https://www.maybelline.com/face-makeup/foundation-makeup/dream-matte-mousse-foundation?variant=Classic+Ivory
Color Tattoo® Eye Stix Up to 24HR Wear,I am Shining,#f5d3c1,https://www.maybelline.com/eye-makeup/eyeshadow/color-tattoo-24hr-all-in-one-eye-stix-eye-makeup?variant=I+am+Extravagant
Color Tattoo® Eye Stix Up to 24HR Wear,I am Confident,#f0c49a,https://www.maybelline.com/eye-makeup/eyeshadow/color-tattoo-24hr-all-in-one-eye-stix-eye-makeup?variant=I+am+Extravagant
Color Tattoo® Eye Stix Up to 24HR Wear,I am Inspired,#e5a597,https://www.maybelline.com/eye-makeup/eyeshadow/color-tattoo-24hr-all-in-one-eye-stix-eye-makeup?variant=I+am+Extravagant
Color Tattoo® Eye Stix Up to 24HR Wear,I am Determined,#644239,https://www.maybelline.com/eye-makeup/eyeshadow/color-tattoo-24hr-all-in-one-eye-stix-eye-makeup?variant=I+am+Extravagant
Color Tattoo® Eye Stix Up to 24HR Wear,I am Courageous,#d7ab90,https://www.maybelline.com/eye-makeup/eyeshadow/color-tattoo-24hr-all-in-one-eye-stix-eye-makeup?variant=I+am+Extravagant
Color Tattoo® Eye Stix Up to 24HR Wear,I am Powerful,#a34431,https://www.maybelline.com/eye-makeup/eyeshadow/color-tattoo-24hr-all-in-one-eye-stix-eye-makeup?variant=I+am+Extravagant
Color Tattoo® Eye Stix Up to 24HR Wear,I am Fierce,#645a38,https://www.maybelline.com/eye-makeup/eyeshadow/color-tattoo-24hr-all-in-one-eye-stix-eye-makeup?variant=I+am+Extravagant
Color Tattoo® Eye Stix Up to 24HR Wear,I am Giving,#8cccb6,https://www.maybelline.com/eye-makeup/eyeshadow/color-tattoo-24hr-all-in-one-eye-stix-eye-makeup?variant=I+am+Extravagant
Color Tattoo® Eye Stix Up to 24HR Wear,I am Unique,#c9215f,https://www.maybelline.com/eye-makeup/eyeshadow/color-tattoo-24hr-all-in-one-eye-stix-eye-makeup?variant=I+am+Extravagant
Color Tattoo® Eye Stix Up to 24HR Wear,I am Fearless,#B17CB6,https://www.maybelline.com/eye-makeup/eyeshadow/color-tattoo-24hr-all-in-one-eye-stix-eye-makeup?variant=I+am+Extravagant
Color Tattoo® Eye Stix Up to 24HR Wear,I am Unexpected,#e4dd5e,https://www.maybelline.com/eye-makeup/eyeshadow/color-tattoo-24hr-all-in-one-eye-stix-eye-makeup?variant=I+am+Extravagant
Color Tattoo® Eye Stix Up to 24HR Wear,I am Rare,#d5a169,https://www.maybelline.com/eye-makeup/eyeshadow/color-tattoo-24hr-all-in-one-eye-stix-eye-makeup?variant=I+am+Extravagant
Color Tattoo® Eye Stix Up to 24HR Wear,I am Unconventional,#a2abb2,https://www.maybelline.com/eye-makeup/eyeshadow/color-tattoo-24hr-all-in-one-eye-stix-eye-makeup?variant=I+am+Extravagant
Color Tattoo® Eye Stix Up to 24HR Wear,I am Rebellious,#0f0e0d,https://www.maybelline.com/eye-makeup/eyeshadow/color-tattoo-24hr-all-in-one-eye-stix-eye-makeup?variant=I+am+Extravagant
Color Tattoo® Eye Stix Up to 24HR Wear,I am Unmatched,#fbf9f7,https://www.maybelline.com/eye-makeup/eyeshadow/color-tattoo-24hr-all-in-one-eye-stix-eye-makeup?variant=I+am+Extravagant
Color Tattoo® Eye Stix Up to 24HR Wear,I am Extravagant,#1374a1,https://www.maybelline.com/eye-makeup/eyeshadow/color-tattoo-24hr-all-in-one-eye-stix-eye-makeup?variant=I+am+Extravagant
Super Stay® Vinyl Ink,Lippy,#970f21,https://www.maybelline.com/lip-makeup/lipstick/super-stay-vinyl-ink-longwear-liquid-lipstick?variant=Striking
Super Stay® Vinyl Ink,Peachy,#c35353,https://www.maybelline.com/lip-makeup/lipstick/super-stay-vinyl-ink-longwear-liquid-lipstick?variant=Striking
Super Stay® Vinyl Ink,Coy,#c34963,https://www.maybelline.com/lip-makeup/lipstick/super-stay-vinyl-ink-longwear-liquid-lipstick?variant=Striking
Super Stay® Vinyl Ink,Red-Hot,#e21011,https://www.maybelline.com/lip-makeup/lipstick/super-stay-vinyl-ink-longwear-liquid-lipstick?variant=Striking
Super Stay® Vinyl Ink,Unrivaled,#870a2c,https://www.maybelline.com/lip-makeup/lipstick/super-stay-vinyl-ink-longwear-liquid-lipstick?variant=Striking
Super Stay® Vinyl Ink,Cheeky,#ad5959,https://www.maybelline.com/lip-makeup/lipstick/super-stay-vinyl-ink-longwear-liquid-lipstick?variant=Striking
Super Stay® Vinyl Ink,Witty,#8d464c,https://www.maybelline.com/lip-makeup/lipstick/super-stay-vinyl-ink-longwear-liquid-lipstick?variant=Striking
Super Stay® Vinyl Ink,Wicked,#b90025,https://www.maybelline.com/lip-makeup/lipstick/super-stay-vinyl-ink-longwear-liquid-lipstick?variant=Striking
Super Stay® Vinyl Ink,Royal,#770615,https://www.maybelline.com/lip-makeup/lipstick/super-stay-vinyl-ink-longwear-liquid-lipstick?variant=Striking
Super Stay® Vinyl Ink,Captivated,#c37c76,https://www.maybelline.com/lip-makeup/lipstick/super-stay-vinyl-ink-longwear-liquid-lipstick?variant=Striking
Super Stay® Vinyl Ink,Charmed,#c76e6a,https://www.maybelline.com/lip-makeup/lipstick/super-stay-vinyl-ink-longwear-liquid-lipstick?variant=Striking
Super Stay® Vinyl Ink,Golden,#d26658,https://www.maybelline.com/lip-makeup/lipstick/super-stay-vinyl-ink-longwear-liquid-lipstick?variant=Striking
Super Stay® Vinyl Ink,Peppy,#a84b4d,https://www.maybelline.com/lip-makeup/lipstick/super-stay-vinyl-ink-longwear-liquid-lipstick?variant=Striking
Super Stay® Vinyl Ink,Punchy,#955951,https://www.maybelline.com/lip-makeup/lipstick/super-stay-vinyl-ink-longwear-liquid-lipstick?variant=Striking
Super Stay® Vinyl Ink,Fearless,#4b262b,https://www.maybelline.com/lip-makeup/lipstick/super-stay-vinyl-ink-longwear-liquid-lipstick?variant=Striking
Super Stay® Vinyl Ink,Rogue,#da435a,https://www.maybelline.com/lip-makeup/lipstick/super-stay-vinyl-ink-longwear-liquid-lipstick?variant=Striking
Super Stay® Vinyl Ink,Upbeat,#ff80a1,https://www.maybelline.com/lip-makeup/lipstick/super-stay-vinyl-ink-longwear-liquid-lipstick?variant=Striking
Super Stay® Vinyl Ink,Sultry,#bf4559,https://www.maybelline.com/lip-makeup/lipstick/super-stay-vinyl-ink-longwear-liquid-lipstick?variant=Striking
Super Stay® Vinyl Ink,Edgy,#b6406a,https://www.maybelline.com/lip-makeup/lipstick/super-stay-vinyl-ink-longwear-liquid-lipstick?variant=Striking
Super Stay® Vinyl Ink,Striking,#ec0072,https://www.maybelline.com/lip-makeup/lipstick/super-stay-vinyl-ink-longwear-liquid-lipstick?variant=Striking
Lifter Plump™,Blush Blaze,#fe8494,https://www.maybelline.com/lip-makeup/lip-gloss/lifter-plump-lip-plumping-gloss-makeup?variant=Red+Flag
Lifter Plump™,Mauve Bite,#e06379,https://www.maybelline.com/lip-makeup/lip-gloss/lifter-plump-lip-plumping-gloss-makeup?variant=Red+Flag
Lifter Plump™,Pink Sting,#fc5b94,https://www.maybelline.com/lip-makeup/lip-gloss/lifter-plump-lip-plumping-gloss-makeup?variant=Red+Flag
Lifter Plump™,Peach Fever,#e16d6a,https://www.maybelline.com/lip-makeup/lip-gloss/lifter-plump-lip-plumping-gloss-makeup?variant=Red+Flag
Lifter Plump™,Hot Chili,#d1565a,https://www.maybelline.com/lip-makeup/lip-gloss/lifter-plump-lip-plumping-gloss-makeup?variant=Red+Flag
Lifter Plump™,Cocoa Zing,#995c59,https://www.maybelline.com/lip-makeup/lip-gloss/lifter-plump-lip-plumping-gloss-makeup?variant=Red+Flag
Lifter Plump™,Hot Honey,#fcc98d,https://www.maybelline.com/lip-makeup/lip-gloss/lifter-plump-lip-plumping-gloss-makeup?variant=Red+Flag
Lifter Plump™,Red Flag,#f33e60,https://www.maybelline.com/lip-makeup/lip-gloss/lifter-plump-lip-plumping-gloss-makeup?variant=Red+Flag
Lifter Liner,Fine Line,#B2626C,https://www.maybelline.com/lip-makeup/lip-liner/lifter-liner-lip-liner-makeup-with-hyaluronic-acid?variant=Big+Lift
Lifter Liner,Player,#8F594E,https://www.maybelline.com/lip-makeup/lip-liner/lifter-liner-lip-liner-makeup-with-hyaluronic-acid?variant=Big+Lift
Lifter Liner,Out Of Line,#A86C62,https://www.maybelline.com/lip-makeup/lip-liner/lifter-liner-lip-liner-makeup-with-hyaluronic-acid?variant=Big+Lift
Lifter Liner,Line Leader,#BE8080,https://www.maybelline.com/lip-makeup/lip-liner/lifter-liner-lip-liner-makeup-with-hyaluronic-acid?variant=Big+Lift
Lifter Liner,Main Character,#A0152D,https://www.maybelline.com/lip-makeup/lip-liner/lifter-liner-lip-liner-makeup-with-hyaluronic-acid?variant=Big+Lift
Lifter Liner,Peaking,#A65158,https://www.maybelline.com/lip-makeup/lip-liner/lifter-liner-lip-liner-makeup-with-hyaluronic-acid?variant=Big+Lift
Lifter Liner,Let’s Bounce,#774C45,https://www.maybelline.com/lip-makeup/lip-liner/lifter-liner-lip-liner-makeup-with-hyaluronic-acid?variant=Big+Lift
Lifter Liner,Big Lift,#9E676D,https://www.maybelline.com/lip-makeup/lip-liner/lifter-liner-lip-liner-makeup-with-hyaluronic-acid?variant=Big+Lift
Lifter Liner,On It,#95695C,https://www.maybelline.com/lip-makeup/lip-liner/lifter-liner-lip-liner-makeup-with-hyaluronic-acid?variant=Big+Lift
Lifter Liner,Cross the Line,#644843,https://www.maybelline.com/lip-makeup/lip-liner/lifter-liner-lip-liner-makeup-with-hyaluronic-acid?variant=Big+Lift
Color Sensational® Ultimatte,More Berry,#7f0049,https://www.maybelline.com/lip-makeup/lipstick/color-sensational-ultimatte-slim-lipstick-makeup?variant=More+Mauve
Color Sensational® Ultimatte,More Cedar,#652019,https://www.maybelline.com/lip-makeup/lipstick/color-sensational-ultimatte-slim-lipstick-makeup?variant=More+Mauve
Color Sensational® Ultimatte,More Ruby,#b81419,https://www.maybelline.com/lip-makeup/lipstick/color-sensational-ultimatte-slim-lipstick-makeup?variant=More+Mauve
Color Sensational® Ultimatte,More Scarlet,#cb220b,https://www.maybelline.com/lip-makeup/lipstick/color-sensational-ultimatte-slim-lipstick-makeup?variant=More+Mauve
Color Sensational® Ultimatte,More Mocha,#8b433f,https://www.maybelline.com/lip-makeup/lipstick/color-sensational-ultimatte-slim-lipstick-makeup?variant=More+Mauve
Color Sensational® Ultimatte,More Stone,#b55f57,https://www.maybelline.com/lip-makeup/lipstick/color-sensational-ultimatte-slim-lipstick-makeup?variant=More+Mauve
Color Sensational® Ultimatte,More Blush,#b95356,https://www.maybelline.com/lip-makeup/lipstick/color-sensational-ultimatte-slim-lipstick-makeup?variant=More+Mauve
Color Sensational® Ultimatte,More Blonde,#c87767,https://www.maybelline.com/lip-makeup/lipstick/color-sensational-ultimatte-slim-lipstick-makeup?variant=More+Mauve
Color Sensational® Ultimatte,More Mauve,#a94f63,https://www.maybelline.com/lip-makeup/lipstick/color-sensational-ultimatte-slim-lipstick-makeup?variant=More+Mauve
Color Sensational® Ultimatte,More Sepia,#aa5a44,https://www.maybelline.com/lip-makeup/lipstick/color-sensational-ultimatte-slim-lipstick-makeup?variant=More+Mauve
Color Sensational® Ultimatte,More Buff,#b8675e,https://www.maybelline.com/lip-makeup/lipstick/color-sensational-ultimatte-slim-lipstick-makeup?variant=More+Mauve
Color Sensational® Ultimatte,More Taupe,#a25544,https://www.maybelline.com/lip-makeup/lipstick/color-sensational-ultimatte-slim-lipstick-makeup?variant=More+Mauve
Color Sensational® Ultimatte,More Rust,#96382e,https://www.maybelline.com/lip-makeup/lipstick/color-sensational-ultimatte-slim-lipstick-makeup?variant=More+Mauve
Color Sensational® Ultimatte,More Truffle,#7b3b2e,https://www.maybelline.com/lip-makeup/lipstick/color-sensational-ultimatte-slim-lipstick-makeup?variant=More+Mauve
Super Stay Matte Ink®,Loyalist,#bf9488,https://www.maybelline.com/lip-makeup/lipstick/superstay-matte-ink-liquid-lipstick?variant=Romantic
Super Stay Matte Ink®,Dreamer,#c1818b,https://www.maybelline.com/lip-makeup/lipstick/superstay-matte-ink-liquid-lipstick?variant=Romantic
Super Stay Matte Ink®,Lover,#a65c6b,https://www.maybelline.com/lip-makeup/lipstick/superstay-matte-ink-liquid-lipstick?variant=Romantic
Super Stay Matte Ink®,Pioneer,#9e2530,https://www.maybelline.com/lip-makeup/lipstick/superstay-matte-ink-liquid-lipstick?variant=Romantic
Super Stay Matte Ink®,Romantic,#de4374,https://www.maybelline.com/lip-makeup/lipstick/superstay-matte-ink-liquid-lipstick?variant=Romantic
Super Stay Matte Ink®,Believer,#71324e,https://www.maybelline.com/lip-makeup/lipstick/superstay-matte-ink-liquid-lipstick?variant=Romantic
Super Stay Matte Ink®,Voyager,#823939,https://www.maybelline.com/lip-makeup/lipstick/superstay-matte-ink-liquid-lipstick?variant=Romantic
Super Stay Matte Ink®,Poet ,"#bc837c
",https://www.maybelline.com/lip-makeup/lipstick/superstay-matte-ink-liquid-lipstick?variant=Romantic
Super Stay Matte Ink®,Seductress,"#af7369
",https://www.maybelline.com/lip-makeup/lipstick/superstay-matte-ink-liquid-lipstick?variant=Romantic
Super Stay Matte Ink®,Amazonian,"#a45649
",https://www.maybelline.com/lip-makeup/lipstick/superstay-matte-ink-liquid-lipstick?variant=Romantic
Super Stay Matte Ink®,Ruler,"#a23646
",https://www.maybelline.com/lip-makeup/lipstick/superstay-matte-ink-liquid-lipstick?variant=Romantic
Super Stay Matte Ink®,Huntress,"#816d6f
",https://www.maybelline.com/lip-makeup/lipstick/superstay-matte-ink-liquid-lipstick?variant=Romantic
Super Stay Matte Ink®,Visionary ,"#936b74
",https://www.maybelline.com/lip-makeup/lipstick/superstay-matte-ink-liquid-lipstick?variant=Romantic
Super Stay Matte Ink®,Composer,#622622,https://www.maybelline.com/lip-makeup/lipstick/superstay-matte-ink-liquid-lipstick?variant=Romantic
Super Stay Matte Ink®,Founder,#7a2739,https://www.maybelline.com/lip-makeup/lipstick/superstay-matte-ink-liquid-lipstick?variant=Romantic
Super Stay Matte Ink®,Ground-Breaker,#882e24,https://www.maybelline.com/lip-makeup/lipstick/superstay-matte-ink-liquid-lipstick?variant=Romantic
Super Stay Matte Ink®,Dancer,#ac3122,https://www.maybelline.com/lip-makeup/lipstick/superstay-matte-ink-liquid-lipstick?variant=Romantic
Super Stay Matte Ink®,Artist,#97264f,https://www.maybelline.com/lip-makeup/lipstick/superstay-matte-ink-liquid-lipstick?variant=Romantic
Super Stay Matte Ink®,Inspirer,#bb5b76,https://www.maybelline.com/lip-makeup/lipstick/superstay-matte-ink-liquid-lipstick?variant=Romantic
Super Stay Matte Ink®,Self-Starter,#b96365,https://www.maybelline.com/lip-makeup/lipstick/superstay-matte-ink-liquid-lipstick?variant=Romantic
Super Stay Matte Ink®,Globetrotter,#aa4734,https://www.maybelline.com/lip-makeup/lipstick/superstay-matte-ink-liquid-lipstick?variant=Romantic
Super Stay Matte Ink®,Pathfinder,#a53961,https://www.maybelline.com/lip-makeup/lipstick/superstay-matte-ink-liquid-lipstick?variant=Romantic
Super Stay Matte Ink®,Savant,#92435c,https://www.maybelline.com/lip-makeup/lipstick/superstay-matte-ink-liquid-lipstick?variant=Romantic
Super Stay Matte Ink®,Mover,#714244,https://www.maybelline.com/lip-makeup/lipstick/superstay-matte-ink-liquid-lipstick?variant=Romantic
Super Stay Matte Ink®,Ringleader,#a05a63,https://www.maybelline.com/lip-makeup/lipstick/superstay-matte-ink-liquid-lipstick?variant=Romantic
Super Stay Matte Ink®,Revolutionary,#ac6f80,https://www.maybelline.com/lip-makeup/lipstick/superstay-matte-ink-liquid-lipstick?variant=Romantic
Super Stay Matte Ink®,Thrill Seeker,#0f1210,https://www.maybelline.com/lip-makeup/lipstick/superstay-matte-ink-liquid-lipstick?variant=Romantic
Super Stay Matte Ink®,Shot Caller,#ca072a,https://www.maybelline.com/lip-makeup/lipstick/superstay-matte-ink-liquid-lipstick?variant=Romantic
Super Stay Matte Ink®,Innovator,#c41e14,https://www.maybelline.com/lip-makeup/lipstick/superstay-matte-ink-liquid-lipstick?variant=Romantic
Super Stay Matte Ink®,Hustler,#a72f2e,https://www.maybelline.com/lip-makeup/lipstick/superstay-matte-ink-liquid-lipstick?variant=Romantic
Super Stay Matte Ink®,Exhilarator,#9f040e,https://www.maybelline.com/lip-makeup/lipstick/superstay-matte-ink-liquid-lipstick?variant=Romantic
Super Stay Matte Ink®,Meditator,#C95E45,https://www.maybelline.com/lip-makeup/lipstick/superstay-matte-ink-liquid-lipstick?variant=Romantic
Super Stay Matte Ink®,De-Stresser,#C65C5F,https://www.maybelline.com/lip-makeup/lipstick/superstay-matte-ink-liquid-lipstick?variant=Romantic
Super Stay Matte Ink®,Pleasure-Seeker,#E43E37,https://www.maybelline.com/lip-makeup/lipstick/superstay-matte-ink-liquid-lipstick?variant=Romantic
Super Stay Matte Ink®,Energizer,#FF161D,https://www.maybelline.com/lip-makeup/lipstick/superstay-matte-ink-liquid-lipstick?variant=Romantic
Super Stay Matte Ink®,Motivator,#D41B3B,https://www.maybelline.com/lip-makeup/lipstick/superstay-matte-ink-liquid-lipstick?variant=Romantic
Super Stay Matte Ink®,Harmonizer,#9F2924,https://www.maybelline.com/lip-makeup/lipstick/superstay-matte-ink-liquid-lipstick?variant=Romantic
Super Stay Matte Ink®,Optimist,#DA0059,https://www.maybelline.com/lip-makeup/lipstick/superstay-matte-ink-liquid-lipstick?variant=Romantic
Super Stay Matte Ink®,Reviver,#B92374,https://www.maybelline.com/lip-makeup/lipstick/superstay-matte-ink-liquid-lipstick?variant=Romantic
Super Stay Matte Ink®,Euphoric,#AD59B9,https://www.maybelline.com/lip-makeup/lipstick/superstay-matte-ink-liquid-lipstick?variant=Romantic
Lifter Gloss®,Pearl,#e5e3e1,https://www.maybelline.com/lip-makeup/lip-gloss/lifter-gloss-lip-gloss-makeup-with-hyaluronic-acid?variant=Bubblegum
Lifter Gloss®,Ice,#eec2be,https://www.maybelline.com/lip-makeup/lip-gloss/lifter-gloss-lip-gloss-makeup-with-hyaluronic-acid?variant=Bubblegum
Lifter Gloss®,Reef,#ec918f,https://www.maybelline.com/lip-makeup/lip-gloss/lifter-gloss-lip-gloss-makeup-with-hyaluronic-acid?variant=Bubblegum
Lifter Gloss®,Silk,#e98386,https://www.maybelline.com/lip-makeup/lip-gloss/lifter-gloss-lip-gloss-makeup-with-hyaluronic-acid?variant=Bubblegum
Lifter Gloss®,Amber,#e98b71,https://www.maybelline.com/lip-makeup/lip-gloss/lifter-gloss-lip-gloss-makeup-with-hyaluronic-acid?variant=Bubblegum
Lifter Gloss®,Moon,#d17070,https://www.maybelline.com/lip-makeup/lip-gloss/lifter-gloss-lip-gloss-makeup-with-hyaluronic-acid?variant=Bubblegum
Lifter Gloss®,Stone,#cb806c,https://www.maybelline.com/lip-makeup/lip-gloss/lifter-gloss-lip-gloss-makeup-with-hyaluronic-acid?variant=Bubblegum
Lifter Gloss®,Petal,#dd6f7f,https://www.maybelline.com/lip-makeup/lip-gloss/lifter-gloss-lip-gloss-makeup-with-hyaluronic-acid?variant=Bubblegum
Lifter Gloss®,Topaz,#a84b3e,https://www.maybelline.com/lip-makeup/lip-gloss/lifter-gloss-lip-gloss-makeup-with-hyaluronic-acid?variant=Bubblegum
Lifter Gloss®,Crystal,#5f2f1e,https://www.maybelline.com/lip-makeup/lip-gloss/lifter-gloss-lip-gloss-makeup-with-hyaluronic-acid?variant=Bubblegum
Lifter Gloss®,Brass,#dc7c87,https://www.maybelline.com/lip-makeup/lip-gloss/lifter-gloss-lip-gloss-makeup-with-hyaluronic-acid?variant=Bubblegum
Lifter Gloss®,Opal,#e39a9b,https://www.maybelline.com/lip-makeup/lip-gloss/lifter-gloss-lip-gloss-makeup-with-hyaluronic-acid?variant=Bubblegum
Lifter Gloss®,Heat,#dd4d62,https://www.maybelline.com/lip-makeup/lip-gloss/lifter-gloss-lip-gloss-makeup-with-hyaluronic-acid?variant=Bubblegum
Lifter Gloss®,Rust,#ca4c40,https://www.maybelline.com/lip-makeup/lip-gloss/lifter-gloss-lip-gloss-makeup-with-hyaluronic-acid?variant=Bubblegum
Lifter Gloss®,Sun,#fbe1c5,https://www.maybelline.com/lip-makeup/lip-gloss/lifter-gloss-lip-gloss-makeup-with-hyaluronic-acid?variant=Bubblegum
Lifter Gloss®,Gummy Bear,#ffa9b5,https://www.maybelline.com/lip-makeup/lip-gloss/lifter-gloss-lip-gloss-makeup-with-hyaluronic-acid?variant=Bubblegum
Lifter Gloss®,Peach Ring,#ff8281,https://www.maybelline.com/lip-makeup/lip-gloss/lifter-gloss-lip-gloss-makeup-with-hyaluronic-acid?variant=Bubblegum
Lifter Gloss®,Sweetheart,#fb3b45,https://www.maybelline.com/lip-makeup/lip-gloss/lifter-gloss-lip-gloss-makeup-with-hyaluronic-acid?variant=Bubblegum
Lifter Gloss®,Bubblegum,#ff2f6e,https://www.maybelline.com/lip-makeup/lip-gloss/lifter-gloss-lip-gloss-makeup-with-hyaluronic-acid?variant=Bubblegum
Lifter Gloss®,Taffy,#d32176,https://www.maybelline.com/lip-makeup/lip-gloss/lifter-gloss-lip-gloss-makeup-with-hyaluronic-acid?variant=Bubblegum
Color Sensational® The Mattes,Nude Nuance,#a45e59,https://www.maybelline.com/lip-makeup/lipstick/color-sensational-the-mattes-matte-finish-lipstick-makeup?variant=Touch+Of+Spice
Color Sensational® The Mattes,Touch Of Spice,#9c474c,https://www.maybelline.com/lip-makeup/lipstick/color-sensational-the-mattes-matte-finish-lipstick-makeup?variant=Touch+Of+Spice
Color Sensational® The Mattes,Lust for Blush,#be6781,https://www.maybelline.com/lip-makeup/lipstick/color-sensational-the-mattes-matte-finish-lipstick-makeup?variant=Touch+Of+Spice
Color Sensational® The Mattes,Divine Wine,#771e27,https://www.maybelline.com/lip-makeup/lipstick/color-sensational-the-mattes-matte-finish-lipstick-makeup?variant=Touch+Of+Spice
Color Sensational® The Mattes,Gone Griege,#856665,https://www.maybelline.com/lip-makeup/lipstick/color-sensational-the-mattes-matte-finish-lipstick-makeup?variant=Touch+Of+Spice
Color Sensational® The Mattes,Mauve It,#7e4b56,https://www.maybelline.com/lip-makeup/lipstick/color-sensational-the-mattes-matte-finish-lipstick-makeup?variant=Touch+Of+Spice
Color Sensational® The Mattes,Raging Raisin,#71414b,https://www.maybelline.com/lip-makeup/lipstick/color-sensational-the-mattes-matte-finish-lipstick-makeup?variant=Touch+Of+Spice
Color Sensational® The Mattes,Smoking Red,#6b3842,https://www.maybelline.com/lip-makeup/lipstick/color-sensational-the-mattes-matte-finish-lipstick-makeup?variant=Touch+Of+Spice
Color Sensational® The Mattes,Berry Bossy,#6d2d53,https://www.maybelline.com/lip-makeup/lipstick/color-sensational-the-mattes-matte-finish-lipstick-makeup?variant=Touch+Of+Spice
Color Sensational® The Mattes,Blackest Berry,#4a303d,https://www.maybelline.com/lip-makeup/lipstick/color-sensational-the-mattes-matte-finish-lipstick-makeup?variant=Touch+Of+Spice
Color Sensational® The Mattes,Violet Vixen,#5d2c64,https://www.maybelline.com/lip-makeup/lipstick/color-sensational-the-mattes-matte-finish-lipstick-makeup?variant=Touch+Of+Spice
Color Sensational® The Mattes,Sapphire Siren,#533e7d,https://www.maybelline.com/lip-makeup/lipstick/color-sensational-the-mattes-matte-finish-lipstick-makeup?variant=Touch+Of+Spice
Color Sensational® The Mattes,Pitch Black,#313335,https://www.maybelline.com/lip-makeup/lipstick/color-sensational-the-mattes-matte-finish-lipstick-makeup?variant=Touch+Of+Spice
Color Sensational® The Mattes,Copper Rose,#6b2e32,https://www.maybelline.com/lip-makeup/lipstick/color-sensational-the-mattes-matte-finish-lipstick-makeup?variant=Touch+Of+Spice
Color Sensational® The Creams,Pink Sand,#fbcfcb,https://www.maybelline.com/lip-makeup/lipstick/color-sensational-the-creams-cream-finish-lipstick-makeup?variant=Pink+Wink
Color Sensational® The Creams,Born With It,#df8a82,https://www.maybelline.com/lip-makeup/lipstick/color-sensational-the-creams-cream-finish-lipstick-makeup?variant=Pink+Wink
Color Sensational® The Creams,Pink and Proper,#fa6c98,https://www.maybelline.com/lip-makeup/lipstick/color-sensational-the-creams-cream-finish-lipstick-makeup?variant=Pink+Wink
Color Sensational® The Creams,Pink Wink,#e28695,https://www.maybelline.com/lip-makeup/lipstick/color-sensational-the-creams-cream-finish-lipstick-makeup?variant=Pink+Wink
Color Sensational® The Creams,Double Shot,#764537,https://www.maybelline.com/lip-makeup/lipstick/color-sensational-the-creams-cream-finish-lipstick-makeup?variant=Pink+Wink
Color Sensational® The Creams,Almond Hustle,#ac7560,https://www.maybelline.com/lip-makeup/lipstick/color-sensational-the-creams-cream-finish-lipstick-makeup?variant=Pink+Wink
Color Sensational® The Creams,Copper Charge,#ba5743,https://www.maybelline.com/lip-makeup/lipstick/color-sensational-the-creams-cream-finish-lipstick-makeup?variant=Pink+Wink
Color Sensational® The Creams,Nearly There,#d68671,https://www.maybelline.com/lip-makeup/lipstick/color-sensational-the-creams-cream-finish-lipstick-makeup?variant=Pink+Wink
Color Sensational® The Creams,Flush Punch,#b47a7c,https://www.maybelline.com/lip-makeup/lipstick/color-sensational-the-creams-cream-finish-lipstick-makeup?variant=Pink+Wink
Color Sensational® The Creams,Pink Pose,#b0606d,https://www.maybelline.com/lip-makeup/lipstick/color-sensational-the-creams-cream-finish-lipstick-makeup?variant=Pink+Wink
Color Sensational® The Creams,Warm Me Up,#ca6e6b,https://www.maybelline.com/lip-makeup/lipstick/color-sensational-the-creams-cream-finish-lipstick-makeup?variant=Pink+Wink
Color Sensational® The Creams,Pink Score,#a96178,https://www.maybelline.com/lip-makeup/lipstick/color-sensational-the-creams-cream-finish-lipstick-makeup?variant=Pink+Wink
Color Sensational® The Creams,Pink Flare,#92495f,https://www.maybelline.com/lip-makeup/lipstick/color-sensational-the-creams-cream-finish-lipstick-makeup?variant=Pink+Wink
Color Sensational® The Creams,Crazy for Coffee,#8f332c,https://www.maybelline.com/lip-makeup/lipstick/color-sensational-the-creams-cream-finish-lipstick-makeup?variant=Pink+Wink
Color Sensational® The Creams,Rum Riche,#9b4d57,https://www.maybelline.com/lip-makeup/lipstick/color-sensational-the-creams-cream-finish-lipstick-makeup?variant=Pink+Wink
Color Sensational® The Creams,Crimson Race,#91222b,https://www.maybelline.com/lip-makeup/lipstick/color-sensational-the-creams-cream-finish-lipstick-makeup?variant=Pink+Wink
Color Sensational® The Creams,Hot Chase,#bc2e2f,https://www.maybelline.com/lip-makeup/lipstick/color-sensational-the-creams-cream-finish-lipstick-makeup?variant=Pink+Wink
Color Sensational® The Creams,Coral Rise,#d2392a,https://www.maybelline.com/lip-makeup/lipstick/color-sensational-the-creams-cream-finish-lipstick-makeup?variant=Pink+Wink
Color Sensational® The Creams,Berry Go,#872f5b,https://www.maybelline.com/lip-makeup/lipstick/color-sensational-the-creams-cream-finish-lipstick-makeup?variant=Pink+Wink
Color Sensational® The Creams,Blissful Berry,#5C003D,https://www.maybelline.com/lip-makeup/lipstick/color-sensational-the-creams-cream-finish-lipstick-makeup?variant=Pink+Wink
Color Sensational® The Creams,Plum Rule,#882937,https://www.maybelline.com/lip-makeup/lipstick/color-sensational-the-creams-cream-finish-lipstick-makeup?variant=Pink+Wink
Color Sensational® The Creams,Plum Paradise,#be4d60,https://www.maybelline.com/lip-makeup/lipstick/color-sensational-the-creams-cream-finish-lipstick-makeup?variant=Pink+Wink
Color Sensational® The Creams,Plum Perfect,#9e012e,https://www.maybelline.com/lip-makeup/lipstick/color-sensational-the-creams-cream-finish-lipstick-makeup?variant=Pink+Wink
Color Sensational® The Creams,On The Mauve,#c5727b,https://www.maybelline.com/lip-makeup/lipstick/color-sensational-the-creams-cream-finish-lipstick-makeup?variant=Pink+Wink
Color Sensational® The Creams,Romantic Rose,#9f7a85,https://www.maybelline.com/lip-makeup/lipstick/color-sensational-the-creams-cream-finish-lipstick-makeup?variant=Pink+Wink
Color Sensational® The Creams,Red Revolution,#d4003e,https://www.maybelline.com/lip-makeup/lipstick/color-sensational-the-creams-cream-finish-lipstick-makeup?variant=Pink+Wink
Color Sensational® The Creams,Red Revival,#be1919,https://www.maybelline.com/lip-makeup/lipstick/color-sensational-the-creams-cream-finish-lipstick-makeup?variant=Pink+Wink
Color Sensational® The Creams,On Fire Red,#c8000a,https://www.maybelline.com/lip-makeup/lipstick/color-sensational-the-creams-cream-finish-lipstick-makeup?variant=Pink+Wink
Color Sensational® The Creams,Nude Lust,#D99494,https://www.maybelline.com/lip-makeup/lipstick/color-sensational-the-creams-cream-finish-lipstick-makeup?variant=Pink+Wink
Color Sensational® The Creams,Touchable Taupe,#804240,https://www.maybelline.com/lip-makeup/lipstick/color-sensational-the-creams-cream-finish-lipstick-makeup?variant=Pink+Wink
Super Stay Ink Crayon® Lipstick,Live On The Edge,#633d3c,https://www.maybelline.com/lip-makeup/lipstick/superstay-ink-crayon-lipstick-matte-longwear-lipstick-makeup?variant=Treat+Yourself
Super Stay Ink Crayon® Lipstick,Trust Your Gut,#a8817c,https://www.maybelline.com/lip-makeup/lipstick/superstay-ink-crayon-lipstick-matte-longwear-lipstick-makeup?variant=Treat+Yourself
Super Stay Ink Crayon® Lipstick,Lead The Way,#9e6e6c,https://www.maybelline.com/lip-makeup/lipstick/superstay-ink-crayon-lipstick-matte-longwear-lipstick-makeup?variant=Treat+Yourself
Super Stay Ink Crayon® Lipstick,Enjoy The View,#9c635c,https://www.maybelline.com/lip-makeup/lipstick/superstay-ink-crayon-lipstick-matte-longwear-lipstick-makeup?variant=Treat+Yourself
Super Stay Ink Crayon® Lipstick,Stay Exceptional,#925c69,https://www.maybelline.com/lip-makeup/lipstick/superstay-ink-crayon-lipstick-matte-longwear-lipstick-makeup?variant=Treat+Yourself
Super Stay Ink Crayon® Lipstick,Seek Adventure,#bb7987,https://www.maybelline.com/lip-makeup/lipstick/superstay-ink-crayon-lipstick-matte-longwear-lipstick-makeup?variant=Treat+Yourself
Super Stay Ink Crayon® Lipstick,Treat Yourself,#b5486f,https://www.maybelline.com/lip-makeup/lipstick/superstay-ink-crayon-lipstick-matte-longwear-lipstick-makeup?variant=Treat+Yourself
Super Stay Ink Crayon® Lipstick,Hustle In Heels,#af4142,https://www.maybelline.com/lip-makeup/lipstick/superstay-ink-crayon-lipstick-matte-longwear-lipstick-makeup?variant=Treat+Yourself
Super Stay Ink Crayon® Lipstick,Own Your Empire,#9d3242,https://www.maybelline.com/lip-makeup/lipstick/superstay-ink-crayon-lipstick-matte-longwear-lipstick-makeup?variant=Treat+Yourself
Super Stay Ink Crayon® Lipstick,Make It Happen,#732933,https://www.maybelline.com/lip-makeup/lipstick/superstay-ink-crayon-lipstick-matte-longwear-lipstick-makeup?variant=Treat+Yourself
Super Stay Ink Crayon® Lipstick,Accept A Dare,#813b57,https://www.maybelline.com/lip-makeup/lipstick/superstay-ink-crayon-lipstick-matte-longwear-lipstick-makeup?variant=Treat+Yourself
Super Stay Ink Crayon® Lipstick,Settle For More,#753c43,https://www.maybelline.com/lip-makeup/lipstick/superstay-ink-crayon-lipstick-matte-longwear-lipstick-makeup?variant=Treat+Yourself
Super Stay Ink Crayon® Lipstick,Speak Your Mind,#953f55,https://www.maybelline.com/lip-makeup/lipstick/superstay-ink-crayon-lipstick-matte-longwear-lipstick-makeup?variant=Treat+Yourself
Super Stay Ink Crayon® Lipstick,Run The World,#ab5168,https://www.maybelline.com/lip-makeup/lipstick/superstay-ink-crayon-lipstick-matte-longwear-lipstick-makeup?variant=Treat+Yourself
Super Stay Ink Crayon® Lipstick,Change Is Good,#bb5f6c,https://www.maybelline.com/lip-makeup/lipstick/superstay-ink-crayon-lipstick-matte-longwear-lipstick-makeup?variant=Treat+Yourself
Super Stay Ink Crayon® Lipstick,Keep It Fun,"#bb6d7d
",https://www.maybelline.com/lip-makeup/lipstick/superstay-ink-crayon-lipstick-matte-longwear-lipstick-makeup?variant=Treat+Yourself
Super Stay Ink Crayon® Lipstick,Rise To The Top,#ad371c,https://www.maybelline.com/lip-makeup/lipstick/superstay-ink-crayon-lipstick-matte-longwear-lipstick-makeup?variant=Treat+Yourself
Super Stay Ink Crayon® Lipstick,On The Grind,"#b46a68
",https://www.maybelline.com/lip-makeup/lipstick/superstay-ink-crayon-lipstick-matte-longwear-lipstick-makeup?variant=Treat+Yourself
Super Stay Ink Crayon® Lipstick,Reach High,#ba6155,https://www.maybelline.com/lip-makeup/lipstick/superstay-ink-crayon-lipstick-matte-longwear-lipstick-makeup?variant=Treat+Yourself
Super Stay Ink Crayon® Lipstick,"Be Bold, Be You",#a61744,https://www.maybelline.com/lip-makeup/lipstick/superstay-ink-crayon-lipstick-matte-longwear-lipstick-makeup?variant=Treat+Yourself
Super Stay Ink Crayon® Lipstick,Check Yourself,#9d132f,https://www.maybelline.com/lip-makeup/lipstick/superstay-ink-crayon-lipstick-matte-longwear-lipstick-makeup?variant=Treat+Yourself
Super Stay Ink Crayon® Lipstick,Pave The Road,#b03950,https://www.maybelline.com/lip-makeup/lipstick/superstay-ink-crayon-lipstick-matte-longwear-lipstick-makeup?variant=Treat+Yourself
Super Stay Ink Crayon® Lipstick,Make Moves,#bd3537,https://www.maybelline.com/lip-makeup/lipstick/superstay-ink-crayon-lipstick-matte-longwear-lipstick-makeup?variant=Treat+Yourself
Super Stay Ink Crayon® Lipstick,Work For It,#ba3744,https://www.maybelline.com/lip-makeup/lipstick/superstay-ink-crayon-lipstick-matte-longwear-lipstick-makeup?variant=Treat+Yourself
Super Stay Ink Crayon® Lipstick,Break The Ceiling,#cd5d6c,https://www.maybelline.com/lip-makeup/lipstick/superstay-ink-crayon-lipstick-matte-longwear-lipstick-makeup?variant=Treat+Yourself
Super Stay Ink Crayon® Lipstick,Chase Dreams,#b94965,https://www.maybelline.com/lip-makeup/lipstick/superstay-ink-crayon-lipstick-matte-longwear-lipstick-makeup?variant=Treat+Yourself
Super Stay Ink Crayon® Lipstick,Achieve It All,#bb6c69,https://www.maybelline.com/lip-makeup/lipstick/superstay-ink-crayon-lipstick-matte-longwear-lipstick-makeup?variant=Treat+Yourself
Super Stay Ink Crayon® Lipstick,Stop At Nothing,#bc5f50,https://www.maybelline.com/lip-makeup/lipstick/superstay-ink-crayon-lipstick-matte-longwear-lipstick-makeup?variant=Treat+Yourself
Super Stay Ink Crayon® Lipstick,Drive The Future,#692629,https://www.maybelline.com/lip-makeup/lipstick/superstay-ink-crayon-lipstick-matte-longwear-lipstick-makeup?variant=Treat+Yourself
Color Sensational®,Spice For Me,"#a2442a
",https://www.maybelline.com/lip-makeup/lipstick/color-sensational-made-for-all-lipstick?variant=Ruby+For+Me
Color Sensational®,Mauve For Me,"#a65252
",https://www.maybelline.com/lip-makeup/lipstick/color-sensational-made-for-all-lipstick?variant=Ruby+For+Me
Color Sensational®,Pink For Me,"#ac4d63
",https://www.maybelline.com/lip-makeup/lipstick/color-sensational-made-for-all-lipstick?variant=Ruby+For+Me
Color Sensational®,Fuchsia For Me,"#b6284e
",https://www.maybelline.com/lip-makeup/lipstick/color-sensational-made-for-all-lipstick?variant=Ruby+For+Me
Color Sensational®,Red For Me,"#af262d
",https://www.maybelline.com/lip-makeup/lipstick/color-sensational-made-for-all-lipstick?variant=Ruby+For+Me
Color Sensational®,Ruby For Me,"#91141c
",https://www.maybelline.com/lip-makeup/lipstick/color-sensational-made-for-all-lipstick?variant=Ruby+For+Me
Color Sensational®,Plum For Me,"#7d2033
",https://www.maybelline.com/lip-makeup/lipstick/color-sensational-made-for-all-lipstick?variant=Ruby+For+Me
Color Sensational®,Clear,"#eeeeee
",https://www.maybelline.com/lip-makeup/lip-liner/color-sensational-shaping-lip-liner?variant=Totally+Toffee
Color Sensational®,Beige Babe,"#734337
",https://www.maybelline.com/lip-makeup/lip-liner/color-sensational-shaping-lip-liner?variant=Totally+Toffee
Color Sensational®,Gone Griege,"#6e5052
",https://www.maybelline.com/lip-makeup/lip-liner/color-sensational-shaping-lip-liner?variant=Totally+Toffee
Color Sensational®,Nude Whisper,"#c89082
",https://www.maybelline.com/lip-makeup/lip-liner/color-sensational-shaping-lip-liner?variant=Totally+Toffee
Color Sensational®,Purely Nude,"#da9e92
",https://www.maybelline.com/lip-makeup/lip-liner/color-sensational-shaping-lip-liner?variant=Totally+Toffee
Color Sensational®,Totally Toffee,"#ad6d5c
",https://www.maybelline.com/lip-makeup/lip-liner/color-sensational-shaping-lip-liner?variant=Totally+Toffee
Color Sensational®,Raw Chocolate,"#413630
",https://www.maybelline.com/lip-makeup/lip-liner/color-sensational-shaping-lip-liner?variant=Totally+Toffee
Color Sensational®,Rich Chocolate,"#3e3133
",https://www.maybelline.com/lip-makeup/lip-liner/color-sensational-shaping-lip-liner?variant=Totally+Toffee
Color Sensational®,Magnetic Mauve,"#b46964
",https://www.maybelline.com/lip-makeup/lip-liner/color-sensational-shaping-lip-liner?variant=Totally+Toffee
Color Sensational®,Dusty Rose,"#b06872
",https://www.maybelline.com/lip-makeup/lip-liner/color-sensational-shaping-lip-liner?variant=Totally+Toffee
Color Sensational®,Almond Rose,"#774a4d
",https://www.maybelline.com/lip-makeup/lip-liner/color-sensational-shaping-lip-liner?variant=Totally+Toffee
Color Sensational®,Pink Wink,"#985872
",https://www.maybelline.com/lip-makeup/lip-liner/color-sensational-shaping-lip-liner?variant=Totally+Toffee
Color Sensational®,Palest Pink,"#db93b0
",https://www.maybelline.com/lip-makeup/lip-liner/color-sensational-shaping-lip-liner?variant=Totally+Toffee
Color Sensational®,Pink Coral,"#d8767c
",https://www.maybelline.com/lip-makeup/lip-liner/color-sensational-shaping-lip-liner?variant=Totally+Toffee
Color Sensational®,Very Cherry,"#b02624
",https://www.maybelline.com/lip-makeup/lip-liner/color-sensational-shaping-lip-liner?variant=Totally+Toffee
Color Sensational®,Brick Red,"#923637
",https://www.maybelline.com/lip-makeup/lip-liner/color-sensational-shaping-lip-liner?variant=Totally+Toffee
Color Sensational®,Divine Wine,"#674f45
",https://www.maybelline.com/lip-makeup/lip-liner/color-sensational-shaping-lip-liner?variant=Totally+Toffee
Color Sensational®,Wild Violets,#8c347f,https://www.maybelline.com/lip-makeup/lip-liner/color-sensational-shaping-lip-liner?variant=Totally+Toffee
Color Sensational®,Rich Wine,"#492a36
",https://www.maybelline.com/lip-makeup/lip-liner/color-sensational-shaping-lip-liner?variant=Totally+Toffee
Color Sensational®,Plum Passion,"#902472
",https://www.maybelline.com/lip-makeup/lip-liner/color-sensational-shaping-lip-liner?variant=Totally+Toffee
Baby Lips Dr Rescue,Coral Crave,#FF8C99,https://www.maybelline.com/lip-makeup/lip-balm/baby-lips-dr-rescue-medicated-lip-balm?variant=Coral+Crave
Baby Lips®,Quenched,#fff0f0,https://www.maybelline.com/lip-makeup/lip-balm/baby-lips-moisturizing-lip-balm?variant=Quenched
Baby Lips®,Cherry Me,#a12d53,https://www.maybelline.com/lip-makeup/lip-balm/baby-lips-moisturizing-lip-balm?variant=Quenched
Baby Lips®,Pink Punch,#de5da4,https://www.maybelline.com/lip-makeup/lip-balm/baby-lips-moisturizing-lip-balm?variant=Quenched
